,se002,se003,se005b,se009,q056,q098,q131,q127,q027
5412,1.0,2.0,3.0,3.0,3.0,2.0,4.0,4.0,
5413,1.0,2.0,3.0,2.0,2.0,3.0,4.0,3.0,1.0
5414,1.0,2.0,3.0,3.0,3.0,3.0,2.0,4.0,2.0
5415,1.0,2.0,4.0,2.0,2.0,2.0,3.0,4.0,1.0
5416,1.0,3.0,4.0,3.0,2.0,3.0,3.0,3.0,1.0
5417,1.0,3.0,4.0,3.0,3.0,2.0,3.0,3.0,2.0
5418,1.0,3.0,4.0,3.0,2.0,2.0,3.0,3.0,2.0
5419,1.0,3.0,4.0,,2.0,3.0,3.0,2.0,2.0
5420,1.0,2.0,4.0,,2.0,3.0,3.0,3.0,2.0
5421,1.0,2.0,4.0,4.0,1.0,2.0,2.0,2.0,
5422,1.0,3.0,4.0,3.0,3.0,2.0,2.0,4.0,2.0
5423,1.0,2.0,4.0,2.0,3.0,2.0,3.0,3.0,2.0
5424,1.0,3.0,3.0,2.0,2.0,2.0,3.0,2.0,2.0
5425,1.0,2.0,4.0,3.0,2.0,2.0,4.0,3.0,1.0
5426,1.0,3.0,4.0,3.0,3.0,2.0,3.0,3.0,2.0
5427,1.0,3.0,3.0,3.0,3.0,2.0,3.0,2.0,2.0
5428,1.0,3.0,4.0,4.0,2.0,2.0,2.0,2.0,2.0
5429,1.0,2.0,4.0,,2.0,3.0,3.0,2.0,2.0
5430,1.0,3.0,3.0,,2.0,3.0,3.0,2.0,2.0
5431,1.0,3.0,4.0,3.0,1.0,2.0,3.0,2.0,2.0
5432,1.0,3.0,4.0,2.0,1.0,3.0,3.0,4.0,2.0
5433,1.0,3.0,4.0,2.0,2.0,3.0,2.0,2.0,2.0
5434,1.0,3.0,4.0,2.0,2.0,3.0,2.0,2.0,2.0
5435,1.0,3.0,4.0,2.0,3.0,3.0,3.0,2.0,2.0
5436,1.0,3.0,4.0,2.0,2.0,3.0,3.0,2.0,2.0
5437,1.0,2.0,3.0,2.0,2.0,3.0,2.0,2.0,1.0
5438,1.0,3.0,4.0,1.0,2.0,2.0,3.0,2.0,2.0
5439,1.0,3.0,4.0,2.0,2.0,2.0,3.0,4.0,2.0
5440,1.0,3.0,4.0,3.0,2.0,2.0,3.0,4.0,2.0
5441,1.0,3.0,4.0,3.0,2.0,2.0,3.0,4.0,2.0
5442,1.0,3.0,3.0,2.0,3.0,3.0,1.0,3.0,1.0
5443,1.0,3.0,4.0,2.0,3.0,3.0,2.0,4.0,2.0
5444,1.0,3.0,4.0,3.0,3.0,2.0,4.0,3.0,2.0
5445,1.0,3.0,3.0,2.0,2.0,2.0,3.0,4.0,2.0
5446,1.0,3.0,4.0,3.0,2.0,2.0,4.0,2.0,2.0
5447,1.0,2.0,4.0,2.0,2.0,3.0,2.0,3.0,1.0
5448,1.0,3.0,4.0,3.0,2.0,2.0,3.0,2.0,1.0
5449,1.0,3.0,4.0,1.0,2.0,3.0,2.0,3.0,2.0
5450,1.0,3.0,4.0,2.0,3.0,3.0,2.0,2.0,2.0
5451,1.0,3.0,4.0,5.0,3.0,2.0,3.0,3.0,2.0
5452,1.0,2.0,4.0,3.0,2.0,3.0,3.0,3.0,2.0
5453,1.0,3.0,3.0,4.0,2.0,3.0,3.0,2.0,2.0
5454,1.0,3.0,4.0,5.0,2.0,2.0,3.0,2.0,1.0
5455,1.0,3.0,4.0,4.0,3.0,3.0,2.0,3.0,2.0
5456,1.0,4.0,3.0,2.0,4.0,1.0,4.0,3.0,2.0
5457,1.0,3.0,3.0,2.0,2.0,3.0,2.0,2.0,1.0
5458,1.0,2.0,4.0,3.0,2.0,2.0,3.0,2.0,
5459,1.0,6.0,3.0,2.0,3.0,2.0,4.0,4.0,1.0
5460,1.0,5.0,3.0,2.0,3.0,3.0,3.0,3.0,2.0
5461,1.0,4.0,4.0,2.0,3.0,3.0,4.0,4.0,1.0
5462,1.0,4.0,3.0,2.0,3.0,3.0,4.0,4.0,1.0
5463,1.0,4.0,4.0,2.0,3.0,3.0,2.0,3.0,2.0
5464,1.0,5.0,3.0,2.0,4.0,3.0,3.0,3.0,2.0
5465,1.0,4.0,4.0,2.0,2.0,3.0,2.0,2.0,1.0
5466,1.0,5.0,3.0,,3.0,2.0,3.0,3.0,2.0
5467,1.0,5.0,3.0,2.0,2.0,2.0,3.0,3.0,2.0
5468,1.0,5.0,3.0,2.0,2.0,2.0,2.0,3.0,1.0
5469,1.0,5.0,4.0,3.0,3.0,3.0,3.0,3.0,2.0
5470,1.0,5.0,4.0,3.0,2.0,3.0,2.0,2.0,1.0
5471,1.0,4.0,4.0,,3.0,2.0,3.0,2.0,2.0
5472,1.0,4.0,3.0,1.0,1.0,3.0,3.0,2.0,2.0
5473,1.0,5.0,4.0,2.0,2.0,3.0,4.0,4.0,2.0
5474,1.0,5.0,4.0,2.0,2.0,3.0,2.0,1.0,2.0
5475,1.0,5.0,4.0,2.0,2.0,3.0,3.0,3.0,2.0
5476,1.0,4.0,4.0,3.0,2.0,3.0,2.0,3.0,2.0
5477,1.0,5.0,3.0,3.0,2.0,3.0,2.0,4.0,
5478,1.0,5.0,4.0,3.0,3.0,2.0,3.0,3.0,2.0
5479,1.0,4.0,4.0,2.0,3.0,3.0,2.0,3.0,2.0
5480,1.0,6.0,4.0,3.0,4.0,3.0,4.0,2.0,1.0
5481,1.0,4.0,4.0,2.0,2.0,2.0,4.0,4.0,2.0
5482,1.0,5.0,3.0,3.0,1.0,2.0,3.0,3.0,1.0
5483,1.0,5.0,4.0,3.0,2.0,3.0,2.0,4.0,1.0
5484,1.0,5.0,4.0,2.0,3.0,2.0,4.0,2.0,2.0
5485,1.0,5.0,4.0,2.0,3.0,3.0,3.0,2.0,2.0
5486,1.0,4.0,3.0,2.0,2.0,3.0,2.0,2.0,2.0
5487,1.0,5.0,4.0,2.0,3.0,3.0,3.0,3.0,2.0
5488,1.0,4.0,3.0,2.0,3.0,4.0,2.0,3.0,2.0
5489,1.0,5.0,4.0,3.0,4.0,2.0,3.0,2.0,2.0
5490,1.0,4.0,3.0,2.0,3.0,2.0,3.0,3.0,2.0
5491,1.0,5.0,4.0,4.0,3.0,3.0,3.0,3.0,2.0
5492,1.0,4.0,4.0,1.0,2.0,2.0,3.0,1.0,2.0
5493,1.0,4.0,4.0,,2.0,3.0,3.0,2.0,2.0
5494,1.0,4.0,4.0,,2.0,3.0,3.0,2.0,2.0
5495,1.0,4.0,3.0,3.0,2.0,3.0,3.0,2.0,2.0
5496,1.0,5.0,4.0,3.0,3.0,3.0,3.0,2.0,2.0
5497,1.0,4.0,4.0,2.0,2.0,3.0,3.0,3.0,2.0
5498,1.0,4.0,4.0,2.0,1.0,3.0,2.0,2.0,2.0
5499,1.0,5.0,3.0,2.0,1.0,3.0,1.0,1.0,1.0
5500,1.0,7.0,4.0,5.0,3.0,3.0,4.0,4.0,1.0
5501,1.0,6.0,3.0,2.0,2.0,3.0,4.0,3.0,2.0
5502,1.0,7.0,3.0,2.0,3.0,3.0,2.0,3.0,2.0
5503,1.0,6.0,3.0,2.0,3.0,3.0,3.0,2.0,2.0
5504,1.0,7.0,4.0,,3.0,3.0,2.0,3.0,2.0
5505,1.0,7.0,4.0,3.0,1.0,2.0,3.0,3.0,2.0
5506,1.0,7.0,3.0,,3.0,2.0,2.0,2.0,2.0
5507,1.0,6.0,4.0,3.0,3.0,2.0,2.0,2.0,2.0
5508,1.0,6.0,4.0,4.0,3.0,3.0,4.0,3.0,1.0
5509,1.0,7.0,4.0,,3.0,2.0,3.0,3.0,2.0
5510,1.0,7.0,4.0,2.0,1.0,3.0,3.0,3.0,2.0
5511,1.0,6.0,4.0,2.0,1.0,3.0,3.0,2.0,2.0
5512,1.0,6.0,4.0,2.0,3.0,2.0,3.0,4.0,2.0
5513,1.0,7.0,3.0,4.0,3.0,2.0,3.0,3.0,2.0
5514,1.0,6.0,3.0,2.0,3.0,3.0,4.0,4.0,2.0
5515,1.0,6.0,3.0,2.0,4.0,2.0,3.0,3.0,2.0
5516,1.0,6.0,3.0,1.0,3.0,3.0,4.0,3.0,2.0
5517,1.0,7.0,4.0,2.0,2.0,3.0,3.0,4.0,2.0
5518,1.0,7.0,3.0,2.0,2.0,2.0,3.0,4.0,
5519,1.0,6.0,3.0,3.0,2.0,3.0,3.0,3.0,2.0
5520,1.0,6.0,4.0,3.0,2.0,3.0,4.0,3.0,2.0
5521,1.0,6.0,4.0,3.0,3.0,2.0,4.0,4.0,2.0
5522,1.0,7.0,4.0,4.0,2.0,2.0,4.0,4.0,2.0
5523,1.0,6.0,3.0,2.0,3.0,2.0,2.0,2.0,2.0
5524,1.0,6.0,4.0,5.0,3.0,2.0,4.0,2.0,2.0
5525,1.0,6.0,4.0,3.0,2.0,3.0,2.0,3.0,1.0
5526,1.0,6.0,4.0,3.0,2.0,3.0,2.0,3.0,1.0
5527,1.0,7.0,3.0,2.0,2.0,3.0,4.0,4.0,2.0
5528,1.0,6.0,3.0,2.0,3.0,2.0,1.0,3.0,2.0
5529,1.0,6.0,4.0,2.0,3.0,3.0,2.0,3.0,2.0
5530,1.0,6.0,4.0,,2.0,2.0,3.0,4.0,2.0
5531,1.0,7.0,3.0,2.0,2.0,2.0,4.0,4.0,2.0
5532,1.0,7.0,3.0,4.0,4.0,3.0,3.0,2.0,2.0
5533,1.0,7.0,4.0,4.0,3.0,3.0,2.0,2.0,2.0
5534,1.0,6.0,3.0,2.0,1.0,3.0,1.0,2.0,2.0
5535,1.0,8.0,2.0,3.0,2.0,2.0,3.0,3.0,2.0
5536,1.0,8.0,2.0,2.0,2.0,2.0,3.0,3.0,2.0
5537,1.0,8.0,3.0,3.0,3.0,4.0,3.0,2.0,2.0
5538,1.0,9.0,3.0,3.0,4.0,3.0,2.0,3.0,2.0
5539,1.0,8.0,3.0,,3.0,3.0,2.0,2.0,2.0
5540,1.0,8.0,4.0,4.0,1.0,2.0,3.0,2.0,2.0
5541,1.0,8.0,3.0,2.0,1.0,2.0,2.0,3.0,2.0
5542,1.0,8.0,4.0,3.0,4.0,3.0,4.0,3.0,2.0
5543,1.0,8.0,4.0,2.0,2.0,3.0,3.0,3.0,2.0
5544,1.0,9.0,3.0,3.0,2.0,3.0,4.0,4.0,2.0
5545,1.0,9.0,3.0,5.0,2.0,2.0,3.0,3.0,2.0
5546,1.0,8.0,4.0,3.0,3.0,2.0,4.0,2.0,2.0
5547,1.0,8.0,2.0,2.0,3.0,2.0,4.0,2.0,2.0
5548,1.0,8.0,3.0,3.0,2.0,3.0,2.0,3.0,2.0
5549,1.0,9.0,3.0,3.0,2.0,2.0,2.0,3.0,2.0
5550,1.0,8.0,3.0,3.0,3.0,3.0,2.0,3.0,2.0
5551,1.0,9.0,3.0,3.0,2.0,3.0,2.0,3.0,2.0
5552,1.0,8.0,4.0,3.0,4.0,2.0,2.0,4.0,2.0
5553,1.0,8.0,4.0,4.0,2.0,3.0,3.0,3.0,1.0
5554,1.0,9.0,3.0,,4.0,,3.0,1.0,2.0
5555,1.0,9.0,3.0,,2.0,2.0,4.0,2.0,2.0
5556,1.0,8.0,4.0,3.0,4.0,3.0,2.0,3.0,2.0
5557,1.0,8.0,3.0,2.0,2.0,3.0,2.0,2.0,2.0
5558,1.0,10.0,2.0,1.0,3.0,3.0,4.0,4.0,1.0
5559,1.0,10.0,3.0,3.0,3.0,2.0,3.0,2.0,2.0
5560,1.0,10.0,3.0,4.0,3.0,4.0,1.0,3.0,1.0
5561,1.0,10.0,3.0,3.0,4.0,3.0,2.0,3.0,1.0
5562,1.0,10.0,3.0,,2.0,3.0,2.0,3.0,2.0
5563,1.0,10.0,4.0,3.0,3.0,2.0,3.0,2.0,2.0
5564,1.0,10.0,3.0,2.0,2.0,2.0,3.0,3.0,2.0
5565,1.0,10.0,3.0,2.0,3.0,3.0,2.0,3.0,2.0
5566,1.0,10.0,4.0,2.0,3.0,2.0,4.0,2.0,1.0
5567,1.0,10.0,3.0,,3.0,,2.0,3.0,2.0
5568,1.0,10.0,3.0,4.0,3.0,2.0,3.0,4.0,2.0
5569,1.0,10.0,3.0,2.0,3.0,3.0,3.0,3.0,2.0
5570,1.0,10.0,3.0,1.0,2.0,2.0,3.0,3.0,2.0
5571,1.0,11.0,4.0,2.0,3.0,3.0,2.0,2.0,2.0
5572,1.0,11.0,3.0,3.0,2.0,3.0,1.0,2.0,2.0
5573,1.0,11.0,3.0,,3.0,3.0,2.0,4.0,2.0
5574,1.0,11.0,2.0,1.0,2.0,2.0,3.0,2.0,2.0
5575,1.0,11.0,2.0,3.0,2.0,2.0,2.0,2.0,1.0
5576,2.0,2.0,4.0,,3.0,3.0,3.0,3.0,1.0
5577,2.0,2.0,4.0,3.0,3.0,2.0,4.0,4.0,
5578,2.0,3.0,3.0,4.0,1.0,3.0,3.0,2.0,1.0
5579,2.0,3.0,3.0,3.0,2.0,3.0,3.0,2.0,2.0
5580,2.0,3.0,3.0,,2.0,3.0,2.0,2.0,2.0
5581,2.0,2.0,4.0,3.0,2.0,3.0,2.0,2.0,2.0
5582,2.0,3.0,4.0,2.0,3.0,2.0,4.0,4.0,2.0
5583,2.0,3.0,4.0,,2.0,2.0,3.0,3.0,2.0
5584,2.0,3.0,4.0,2.0,2.0,2.0,4.0,3.0,2.0
5585,2.0,2.0,3.0,,2.0,3.0,2.0,2.0,1.0
5586,2.0,3.0,3.0,2.0,2.0,3.0,2.0,2.0,2.0
5587,2.0,2.0,3.0,2.0,2.0,3.0,2.0,4.0,2.0
5588,2.0,3.0,3.0,2.0,3.0,3.0,2.0,2.0,2.0
5589,2.0,3.0,3.0,1.0,1.0,2.0,2.0,2.0,2.0
5590,2.0,3.0,3.0,1.0,1.0,2.0,4.0,3.0,2.0
5591,2.0,3.0,4.0,2.0,2.0,2.0,4.0,3.0,2.0
5592,2.0,3.0,3.0,3.0,2.0,3.0,3.0,4.0,2.0
5593,2.0,3.0,3.0,2.0,2.0,3.0,3.0,4.0,2.0
5594,2.0,3.0,3.0,1.0,3.0,2.0,4.0,4.0,2.0
5595,2.0,3.0,4.0,3.0,2.0,3.0,4.0,2.0,2.0
5596,2.0,3.0,4.0,3.0,2.0,3.0,3.0,2.0,2.0
5597,2.0,3.0,4.0,3.0,3.0,3.0,4.0,2.0,1.0
5598,2.0,3.0,4.0,3.0,4.0,3.0,2.0,4.0,2.0
5599,2.0,3.0,4.0,3.0,1.0,2.0,3.0,4.0,1.0
5600,2.0,2.0,4.0,3.0,2.0,3.0,4.0,3.0,2.0
5601,2.0,3.0,3.0,,2.0,2.0,3.0,4.0,2.0
5602,2.0,3.0,3.0,2.0,2.0,2.0,4.0,2.0,2.0
5603,2.0,4.0,3.0,2.0,2.0,2.0,4.0,4.0,2.0
5604,2.0,4.0,4.0,3.0,3.0,2.0,2.0,2.0,2.0
5605,2.0,3.0,4.0,3.0,3.0,2.0,4.0,3.0,2.0
5606,2.0,4.0,3.0,2.0,2.0,3.0,3.0,3.0,2.0
5607,2.0,3.0,3.0,2.0,2.0,3.0,2.0,3.0,2.0
5608,2.0,3.0,3.0,2.0,3.0,2.0,3.0,3.0,2.0
5609,2.0,3.0,3.0,2.0,2.0,3.0,3.0,3.0,2.0
5610,2.0,2.0,3.0,3.0,2.0,3.0,3.0,3.0,1.0
5611,2.0,3.0,4.0,3.0,2.0,2.0,3.0,3.0,2.0
5612,2.0,3.0,4.0,1.0,2.0,2.0,3.0,3.0,2.0
5613,2.0,3.0,3.0,1.0,2.0,3.0,1.0,1.0,2.0
5614,2.0,3.0,4.0,2.0,3.0,2.0,2.0,3.0,2.0
5615,2.0,3.0,3.0,3.0,1.0,2.0,3.0,3.0,1.0
5616,2.0,3.0,3.0,3.0,3.0,3.0,3.0,3.0,2.0
5617,2.0,3.0,4.0,3.0,3.0,3.0,2.0,3.0,2.0
5618,2.0,3.0,4.0,,2.0,3.0,3.0,2.0,1.0
5619,2.0,2.0,3.0,4.0,3.0,3.0,3.0,2.0,1.0
5620,2.0,3.0,4.0,4.0,3.0,3.0,3.0,2.0,2.0
5621,2.0,2.0,4.0,3.0,1.0,3.0,2.0,1.0,
5622,2.0,4.0,4.0,3.0,1.0,2.0,2.0,2.0,1.0
5623,2.0,6.0,3.0,3.0,3.0,2.0,3.0,4.0,2.0
5624,2.0,4.0,3.0,2.0,2.0,3.0,2.0,2.0,2.0
5625,2.0,4.0,3.0,2.0,1.0,3.0,3.0,2.0,2.0
5626,2.0,5.0,3.0,3.0,2.0,3.0,2.0,2.0,2.0
5627,2.0,4.0,3.0,,2.0,3.0,2.0,2.0,2.0
5628,2.0,4.0,4.0,,2.0,3.0,2.0,2.0,2.0
5629,2.0,5.0,3.0,1.0,2.0,2.0,3.0,3.0,2.0
5630,2.0,4.0,3.0,2.0,3.0,2.0,4.0,2.0,2.0
5631,2.0,4.0,4.0,3.0,1.0,2.0,3.0,3.0,2.0
5632,2.0,5.0,3.0,3.0,2.0,2.0,3.0,3.0,2.0
5633,2.0,5.0,3.0,3.0,2.0,3.0,3.0,3.0,2.0
5634,2.0,5.0,4.0,,2.0,2.0,3.0,3.0,2.0
5635,2.0,5.0,4.0,4.0,2.0,3.0,3.0,3.0,1.0
5636,2.0,4.0,3.0,4.0,3.0,3.0,4.0,4.0,2.0
5637,2.0,5.0,3.0,,2.0,3.0,2.0,2.0,2.0
5638,2.0,5.0,3.0,2.0,1.0,3.0,3.0,4.0,2.0
5639,2.0,4.0,3.0,2.0,1.0,3.0,3.0,2.0,2.0
5640,2.0,5.0,4.0,2.0,2.0,3.0,2.0,4.0,2.0
5641,2.0,5.0,3.0,2.0,2.0,2.0,2.0,2.0,2.0
5642,2.0,4.0,3.0,2.0,2.0,3.0,3.0,2.0,2.0
5643,2.0,5.0,3.0,3.0,2.0,2.0,2.0,2.0,2.0
5644,2.0,4.0,4.0,2.0,2.0,2.0,3.0,4.0,2.0
5645,2.0,5.0,3.0,2.0,2.0,2.0,3.0,3.0,2.0
5646,2.0,4.0,3.0,2.0,2.0,1.0,2.0,2.0,2.0
5647,2.0,5.0,3.0,2.0,3.0,3.0,4.0,3.0,1.0
5648,2.0,5.0,4.0,2.0,2.0,2.0,4.0,4.0,2.0
5649,2.0,5.0,3.0,3.0,2.0,2.0,4.0,4.0,2.0
5650,2.0,4.0,4.0,3.0,2.0,2.0,3.0,2.0,2.0
5651,2.0,6.0,3.0,3.0,3.0,2.0,4.0,2.0,2.0
5652,2.0,5.0,3.0,2.0,2.0,3.0,3.0,3.0,2.0
5653,2.0,4.0,4.0,1.0,2.0,3.0,2.0,3.0,1.0
5654,2.0,4.0,4.0,3.0,3.0,2.0,2.0,3.0,2.0
5655,2.0,5.0,3.0,2.0,3.0,2.0,1.0,3.0,2.0
5656,2.0,5.0,4.0,3.0,2.0,2.0,4.0,2.0,2.0
5657,2.0,5.0,4.0,4.0,2.0,2.0,3.0,4.0,2.0
5658,2.0,5.0,3.0,,3.0,2.0,4.0,4.0,2.0
5659,2.0,4.0,4.0,3.0,2.0,3.0,3.0,2.0,2.0
5660,2.0,4.0,4.0,4.0,1.0,3.0,3.0,2.0,2.0
5661,2.0,5.0,3.0,2.0,3.0,2.0,2.0,2.0,2.0
5662,2.0,6.0,3.0,4.0,3.0,3.0,3.0,3.0,2.0
5663,2.0,6.0,3.0,3.0,3.0,2.0,2.0,2.0,2.0
5664,2.0,6.0,3.0,3.0,2.0,3.0,2.0,2.0,2.0
5665,2.0,6.0,3.0,2.0,2.0,3.0,2.0,2.0,2.0
5666,2.0,7.0,3.0,,2.0,3.0,3.0,2.0,2.0
5667,2.0,6.0,4.0,4.0,3.0,3.0,2.0,3.0,2.0
5668,2.0,7.0,3.0,,3.0,2.0,2.0,2.0,2.0
5669,2.0,6.0,4.0,3.0,2.0,2.0,3.0,3.0,2.0
5670,2.0,6.0,3.0,2.0,3.0,2.0,3.0,3.0,1.0
5671,2.0,7.0,3.0,,1.0,3.0,3.0,1.0,1.0
5672,2.0,7.0,3.0,2.0,2.0,3.0,4.0,3.0,2.0
5673,2.0,6.0,3.0,2.0,2.0,3.0,2.0,3.0,2.0
5674,2.0,6.0,3.0,2.0,2.0,3.0,3.0,3.0,2.0
5675,2.0,7.0,3.0,2.0,2.0,3.0,4.0,2.0,2.0
5676,2.0,6.0,3.0,2.0,2.0,3.0,2.0,4.0,2.0
5677,2.0,6.0,3.0,,3.0,3.0,2.0,1.0,2.0
5678,2.0,7.0,3.0,2.0,3.0,3.0,4.0,3.0,2.0
5679,2.0,7.0,4.0,,2.0,2.0,3.0,4.0,2.0
5680,2.0,6.0,3.0,2.0,2.0,2.0,4.0,4.0,2.0
5681,2.0,7.0,3.0,2.0,2.0,3.0,3.0,4.0,2.0
5682,2.0,7.0,3.0,2.0,2.0,2.0,4.0,4.0,2.0
5683,2.0,6.0,3.0,3.0,1.0,3.0,4.0,4.0,2.0
5684,2.0,6.0,3.0,3.0,2.0,3.0,4.0,2.0,2.0
5685,2.0,7.0,3.0,2.0,2.0,2.0,4.0,3.0,2.0
5686,2.0,7.0,3.0,2.0,3.0,2.0,4.0,4.0,2.0
5687,2.0,6.0,3.0,3.0,2.0,2.0,4.0,2.0,2.0
5688,2.0,6.0,3.0,3.0,2.0,2.0,4.0,1.0,2.0
5689,2.0,7.0,3.0,3.0,2.0,3.0,2.0,3.0,2.0
5690,2.0,6.0,4.0,3.0,2.0,3.0,3.0,2.0,2.0
5691,2.0,6.0,3.0,3.0,2.0,2.0,1.0,3.0,2.0
5692,2.0,6.0,3.0,3.0,3.0,3.0,2.0,2.0,2.0
5693,2.0,6.0,4.0,3.0,2.0,1.0,3.0,2.0,2.0
5694,2.0,7.0,3.0,2.0,3.0,2.0,3.0,2.0,2.0
5695,2.0,7.0,3.0,3.0,2.0,3.0,2.0,3.0,2.0
5696,2.0,7.0,3.0,3.0,3.0,3.0,3.0,2.0,2.0
5697,2.0,7.0,3.0,4.0,2.0,3.0,3.0,2.0,2.0
5698,2.0,6.0,3.0,2.0,3.0,,4.0,3.0,2.0
5699,2.0,9.0,3.0,2.0,3.0,3.0,2.0,2.0,2.0
5700,2.0,8.0,4.0,2.0,2.0,3.0,3.0,2.0,2.0
5701,2.0,8.0,3.0,2.0,2.0,2.0,3.0,3.0,1.0
5702,2.0,8.0,3.0,4.0,1.0,3.0,3.0,4.0,2.0
5703,2.0,8.0,2.0,2.0,2.0,2.0,3.0,1.0,2.0
5704,2.0,8.0,3.0,2.0,3.0,3.0,3.0,3.0,2.0
5705,2.0,8.0,3.0,3.0,3.0,3.0,3.0,2.0,2.0
5706,2.0,8.0,3.0,3.0,2.0,3.0,3.0,3.0,2.0
5707,2.0,9.0,3.0,3.0,2.0,2.0,3.0,4.0,2.0
5708,2.0,9.0,3.0,2.0,2.0,2.0,4.0,3.0,2.0
5709,2.0,8.0,3.0,3.0,2.0,3.0,2.0,2.0,2.0
5710,2.0,8.0,3.0,2.0,2.0,3.0,4.0,3.0,2.0
5711,2.0,8.0,3.0,4.0,2.0,2.0,3.0,4.0,2.0
5712,2.0,9.0,3.0,2.0,2.0,2.0,3.0,2.0,2.0
5713,2.0,8.0,3.0,2.0,2.0,2.0,2.0,1.0,2.0
5714,2.0,8.0,3.0,3.0,3.0,2.0,4.0,2.0,2.0
5715,2.0,9.0,3.0,1.0,2.0,2.0,3.0,2.0,2.0
5716,2.0,8.0,3.0,2.0,2.0,3.0,3.0,2.0,2.0
5717,2.0,8.0,3.0,2.0,3.0,3.0,4.0,2.0,2.0
5718,2.0,8.0,3.0,2.0,2.0,3.0,2.0,2.0,2.0
5719,2.0,9.0,3.0,2.0,2.0,3.0,2.0,2.0,2.0
5720,2.0,8.0,3.0,2.0,2.0,2.0,3.0,2.0,2.0
5721,2.0,9.0,3.0,5.0,3.0,3.0,3.0,4.0,2.0
5722,2.0,10.0,3.0,,1.0,3.0,2.0,1.0,2.0
5723,2.0,10.0,2.0,3.0,1.0,3.0,4.0,3.0,2.0
5724,2.0,10.0,2.0,2.0,2.0,3.0,3.0,4.0,2.0
5725,2.0,10.0,2.0,1.0,2.0,3.0,3.0,1.0,2.0
5726,2.0,10.0,2.0,4.0,4.0,3.0,2.0,3.0,2.0
5727,2.0,10.0,2.0,3.0,3.0,3.0,3.0,3.0,2.0
5728,2.0,10.0,2.0,2.0,2.0,3.0,3.0,4.0,2.0
5729,2.0,10.0,2.0,2.0,2.0,3.0,4.0,4.0,2.0
5730,2.0,10.0,3.0,2.0,3.0,3.0,4.0,4.0,2.0
5731,2.0,10.0,2.0,2.0,1.0,3.0,4.0,2.0,2.0
5732,2.0,10.0,3.0,3.0,2.0,2.0,3.0,4.0,2.0
5733,2.0,10.0,2.0,2.0,2.0,3.0,2.0,2.0,2.0
5734,2.0,10.0,3.0,2.0,2.0,2.0,2.0,3.0,2.0
5735,2.0,10.0,3.0,2.0,2.0,2.0,2.0,2.0,2.0
5736,2.0,11.0,4.0,4.0,3.0,2.0,3.0,4.0,2.0
5737,2.0,11.0,3.0,2.0,2.0,3.0,2.0,3.0,1.0
5738,2.0,11.0,3.0,3.0,2.0,3.0,3.0,2.0,2.0
5739,2.0,11.0,2.0,3.0,2.0,4.0,2.0,1.0,2.0
5740,2.0,11.0,1.0,,1.0,3.0,2.0,2.0,2.0
5741,2.0,11.0,1.0,2.0,1.0,3.0,3.0,2.0,2.0
5742,2.0,11.0,2.0,1.0,2.0,3.0,3.0,4.0,1.0
5743,2.0,12.0,1.0,2.0,2.0,2.0,2.0,4.0,2.0
5744,1.0,3.0,3.0,2.0,3.0,3.0,3.0,2.0,1.0
5745,1.0,2.0,4.0,4.0,3.0,3.0,3.0,3.0,
5746,1.0,3.0,4.0,3.0,3.0,2.0,2.0,3.0,2.0
5747,1.0,2.0,4.0,5.0,2.0,3.0,3.0,2.0,2.0
5748,1.0,3.0,3.0,1.0,2.0,3.0,3.0,2.0,1.0
5749,1.0,3.0,3.0,4.0,3.0,3.0,3.0,2.0,1.0
5750,1.0,3.0,4.0,3.0,1.0,2.0,4.0,4.0,1.0
5751,1.0,2.0,4.0,2.0,1.0,3.0,4.0,3.0,1.0
5752,1.0,3.0,4.0,2.0,3.0,3.0,2.0,3.0,2.0
5753,1.0,3.0,4.0,1.0,3.0,3.0,4.0,3.0,2.0
5754,1.0,3.0,4.0,3.0,3.0,2.0,3.0,3.0,1.0
5755,1.0,2.0,4.0,,3.0,3.0,3.0,2.0,2.0
5756,1.0,2.0,4.0,,3.0,3.0,1.0,2.0,2.0
5757,1.0,3.0,3.0,2.0,3.0,2.0,3.0,3.0,1.0
5758,1.0,2.0,4.0,3.0,3.0,3.0,3.0,2.0,2.0
5759,1.0,3.0,4.0,4.0,3.0,3.0,3.0,2.0,2.0
5760,1.0,5.0,4.0,1.0,3.0,3.0,2.0,2.0,2.0
5761,1.0,4.0,3.0,,3.0,3.0,3.0,3.0,2.0
5762,1.0,5.0,4.0,3.0,3.0,3.0,3.0,3.0,2.0
5763,1.0,5.0,4.0,4.0,2.0,2.0,3.0,2.0,2.0
5764,1.0,5.0,3.0,3.0,2.0,3.0,3.0,3.0,2.0
5765,1.0,5.0,4.0,4.0,3.0,2.0,3.0,3.0,2.0
5766,1.0,4.0,3.0,1.0,3.0,3.0,2.0,3.0,2.0
5767,1.0,5.0,3.0,2.0,2.0,2.0,2.0,3.0,1.0
5768,1.0,5.0,4.0,1.0,2.0,3.0,3.0,2.0,1.0
5769,1.0,5.0,3.0,4.0,2.0,3.0,3.0,3.0,2.0
5770,1.0,5.0,3.0,1.0,3.0,3.0,4.0,4.0,2.0
5771,1.0,5.0,3.0,1.0,2.0,2.0,4.0,2.0,2.0
5772,1.0,4.0,3.0,1.0,2.0,2.0,4.0,3.0,2.0
5773,1.0,5.0,4.0,,3.0,3.0,2.0,2.0,2.0
5774,1.0,6.0,4.0,4.0,4.0,2.0,4.0,4.0,2.0
5775,1.0,7.0,3.0,3.0,3.0,3.0,3.0,2.0,2.0
5776,1.0,7.0,4.0,,2.0,2.0,2.0,3.0,2.0
5777,1.0,6.0,4.0,,1.0,2.0,3.0,3.0,2.0
5778,1.0,6.0,3.0,1.0,3.0,4.0,2.0,3.0,2.0
5779,1.0,6.0,3.0,2.0,2.0,2.0,4.0,2.0,1.0
5780,1.0,7.0,4.0,2.0,3.0,2.0,4.0,4.0,1.0
5781,1.0,6.0,4.0,2.0,3.0,3.0,2.0,3.0,2.0
5782,1.0,6.0,3.0,,2.0,2.0,3.0,2.0,2.0
5783,1.0,6.0,3.0,2.0,2.0,3.0,2.0,3.0,2.0
5784,1.0,7.0,3.0,1.0,3.0,2.0,3.0,3.0,2.0
5785,1.0,6.0,3.0,1.0,3.0,2.0,3.0,3.0,2.0
5786,1.0,6.0,4.0,4.0,3.0,2.0,2.0,3.0,2.0
5787,1.0,7.0,4.0,,3.0,3.0,2.0,3.0,2.0
5788,1.0,8.0,3.0,,3.0,3.0,2.0,2.0,2.0
5789,1.0,9.0,4.0,1.0,3.0,3.0,3.0,2.0,2.0
5790,1.0,9.0,3.0,1.0,3.0,3.0,3.0,3.0,2.0
5791,1.0,8.0,3.0,1.0,2.0,3.0,2.0,3.0,1.0
5792,1.0,9.0,3.0,3.0,2.0,3.0,3.0,3.0,2.0
5793,1.0,8.0,3.0,3.0,2.0,3.0,3.0,3.0,2.0
5794,1.0,9.0,4.0,4.0,3.0,2.0,4.0,3.0,2.0
5795,1.0,9.0,4.0,2.0,3.0,2.0,3.0,3.0,2.0
5796,1.0,8.0,4.0,2.0,2.0,1.0,2.0,3.0,2.0
5797,1.0,10.0,2.0,,3.0,3.0,3.0,2.0,2.0
5798,1.0,10.0,4.0,4.0,2.0,2.0,3.0,3.0,2.0
5799,1.0,10.0,3.0,1.0,4.0,2.0,3.0,2.0,2.0
5800,1.0,10.0,3.0,1.0,3.0,3.0,3.0,2.0,2.0
5801,1.0,10.0,3.0,1.0,3.0,3.0,3.0,2.0,2.0
5802,1.0,11.0,2.0,3.0,3.0,3.0,4.0,3.0,2.0
5803,1.0,12.0,3.0,1.0,2.0,2.0,3.0,3.0,2.0
5804,2.0,2.0,3.0,2.0,2.0,3.0,2.0,2.0,2.0
5805,2.0,2.0,4.0,4.0,2.0,3.0,3.0,2.0,2.0
5806,2.0,3.0,3.0,3.0,2.0,2.0,2.0,2.0,2.0
5807,2.0,2.0,4.0,2.0,3.0,2.0,4.0,4.0,1.0
5808,2.0,3.0,3.0,2.0,2.0,3.0,2.0,2.0,2.0
5809,2.0,3.0,4.0,2.0,2.0,3.0,3.0,3.0,2.0
5810,2.0,3.0,3.0,2.0,1.0,3.0,2.0,2.0,2.0
5811,2.0,3.0,3.0,2.0,2.0,3.0,4.0,2.0,2.0
5812,2.0,3.0,4.0,3.0,3.0,3.0,3.0,1.0,1.0
5813,2.0,3.0,3.0,1.0,2.0,3.0,4.0,4.0,1.0
5814,2.0,3.0,3.0,2.0,3.0,2.0,2.0,3.0,1.0
5815,2.0,3.0,4.0,2.0,2.0,2.0,4.0,3.0,2.0
5816,2.0,3.0,3.0,1.0,2.0,2.0,2.0,2.0,1.0
5817,2.0,2.0,4.0,2.0,1.0,3.0,4.0,3.0,
5818,2.0,3.0,3.0,,3.0,3.0,2.0,2.0,2.0
5819,2.0,4.0,4.0,3.0,2.0,3.0,3.0,2.0,2.0
5820,2.0,5.0,4.0,3.0,3.0,2.0,3.0,2.0,2.0
5821,2.0,5.0,3.0,2.0,2.0,2.0,3.0,3.0,2.0
5822,2.0,4.0,3.0,2.0,3.0,2.0,4.0,4.0,2.0
5823,2.0,5.0,3.0,3.0,3.0,2.0,3.0,2.0,2.0
5824,2.0,5.0,3.0,2.0,1.0,2.0,4.0,3.0,2.0
5825,2.0,4.0,4.0,4.0,1.0,2.0,4.0,4.0,1.0
5826,2.0,5.0,3.0,2.0,3.0,2.0,4.0,4.0,2.0
5827,2.0,5.0,3.0,,3.0,2.0,3.0,2.0,2.0
5828,2.0,5.0,4.0,3.0,3.0,1.0,3.0,2.0,2.0
5829,2.0,5.0,3.0,2.0,2.0,2.0,3.0,2.0,2.0
5830,2.0,5.0,4.0,3.0,2.0,2.0,3.0,3.0,2.0
5831,2.0,4.0,4.0,,3.0,3.0,3.0,2.0,2.0
5832,2.0,5.0,4.0,,3.0,3.0,2.0,1.0,2.0
5833,2.0,6.0,3.0,4.0,2.0,3.0,3.0,2.0,2.0
5834,2.0,7.0,3.0,4.0,3.0,2.0,3.0,3.0,2.0
5835,2.0,7.0,3.0,4.0,2.0,2.0,4.0,2.0,2.0
5836,2.0,7.0,4.0,3.0,2.0,2.0,3.0,3.0,2.0
5837,2.0,7.0,3.0,2.0,2.0,3.0,2.0,1.0,2.0
5838,2.0,7.0,4.0,3.0,2.0,3.0,3.0,3.0,1.0
5839,2.0,6.0,3.0,3.0,2.0,3.0,4.0,3.0,2.0
5840,2.0,6.0,3.0,2.0,3.0,3.0,4.0,2.0,2.0
5841,2.0,7.0,3.0,,3.0,3.0,3.0,2.0,2.0
5842,2.0,6.0,3.0,3.0,3.0,3.0,3.0,1.0,1.0
5843,2.0,7.0,3.0,,2.0,2.0,3.0,2.0,2.0
5844,2.0,7.0,3.0,,2.0,3.0,3.0,3.0,2.0
5845,2.0,6.0,3.0,1.0,3.0,3.0,2.0,3.0,2.0
5846,2.0,7.0,3.0,2.0,2.0,3.0,3.0,3.0,2.0
5847,2.0,7.0,3.0,1.0,3.0,2.0,3.0,3.0,2.0
5848,2.0,8.0,3.0,3.0,2.0,3.0,4.0,2.0,2.0
5849,2.0,9.0,3.0,,3.0,3.0,3.0,2.0,2.0
5850,2.0,9.0,3.0,3.0,2.0,3.0,3.0,3.0,2.0
5851,2.0,8.0,1.0,1.0,1.0,3.0,4.0,1.0,2.0
5852,2.0,9.0,3.0,4.0,2.0,3.0,3.0,3.0,2.0
5853,2.0,8.0,3.0,2.0,2.0,3.0,3.0,2.0,2.0
5854,2.0,8.0,3.0,1.0,2.0,2.0,3.0,2.0,2.0
5855,2.0,9.0,2.0,1.0,3.0,2.0,3.0,3.0,2.0
5856,2.0,8.0,3.0,4.0,2.0,2.0,2.0,2.0,2.0
5857,2.0,10.0,2.0,3.0,2.0,2.0,4.0,4.0,2.0
5858,2.0,10.0,2.0,,2.0,3.0,2.0,4.0,2.0
5859,2.0,10.0,2.0,1.0,2.0,3.0,2.0,2.0,2.0
5860,2.0,10.0,3.0,1.0,2.0,3.0,2.0,2.0,2.0
5861,2.0,10.0,3.0,1.0,2.0,2.0,2.0,2.0,2.0
5862,2.0,10.0,2.0,1.0,2.0,1.0,4.0,3.0,2.0
5863,2.0,11.0,2.0,,1.0,3.0,4.0,2.0,2.0
5864,2.0,10.0,2.0,1.0,3.0,3.0,3.0,2.0,2.0
5865,2.0,11.0,1.0,2.0,1.0,3.0,2.0,2.0,2.0
5866,2.0,12.0,1.0,1.0,1.0,3.0,3.0,1.0,2.0
5867,1.0,3.0,4.0,,3.0,3.0,2.0,3.0,2.0
5868,1.0,2.0,4.0,,3.0,3.0,3.0,2.0,
5869,1.0,2.0,4.0,2.0,3.0,3.0,2.0,3.0,
5870,1.0,3.0,3.0,,4.0,3.0,3.0,3.0,2.0
5871,1.0,3.0,4.0,1.0,2.0,3.0,3.0,3.0,1.0
5872,1.0,3.0,4.0,1.0,2.0,3.0,2.0,2.0,2.0
5873,1.0,3.0,4.0,1.0,3.0,3.0,3.0,3.0,2.0
5874,1.0,2.0,3.0,,1.0,2.0,3.0,2.0,
5875,1.0,2.0,4.0,2.0,2.0,2.0,4.0,3.0,2.0
5876,1.0,3.0,4.0,1.0,3.0,2.0,4.0,3.0,2.0
5877,1.0,3.0,3.0,,2.0,2.0,3.0,2.0,1.0
5878,1.0,4.0,4.0,,3.0,3.0,2.0,3.0,2.0
5879,1.0,5.0,4.0,5.0,2.0,2.0,3.0,4.0,2.0
5880,1.0,4.0,4.0,,2.0,2.0,4.0,4.0,2.0
5881,1.0,4.0,4.0,,2.0,2.0,3.0,3.0,2.0
5882,1.0,4.0,3.0,2.0,4.0,2.0,3.0,3.0,2.0
5883,1.0,5.0,3.0,3.0,2.0,2.0,2.0,1.0,2.0
5884,1.0,4.0,4.0,5.0,4.0,1.0,3.0,3.0,2.0
5885,1.0,4.0,3.0,1.0,2.0,2.0,4.0,4.0,2.0
5886,1.0,5.0,4.0,2.0,3.0,3.0,2.0,2.0,2.0
5887,1.0,5.0,3.0,1.0,2.0,2.0,4.0,3.0,1.0
5888,1.0,5.0,4.0,1.0,2.0,3.0,3.0,2.0,2.0
5889,1.0,7.0,4.0,1.0,2.0,2.0,4.0,3.0,2.0
5890,1.0,7.0,3.0,2.0,1.0,3.0,2.0,4.0,2.0
5891,1.0,7.0,3.0,2.0,2.0,2.0,3.0,2.0,2.0
5892,1.0,7.0,4.0,3.0,2.0,2.0,3.0,3.0,2.0
5893,1.0,7.0,3.0,1.0,3.0,3.0,3.0,2.0,2.0
5894,1.0,6.0,3.0,,3.0,2.0,3.0,3.0,2.0
5895,1.0,6.0,4.0,3.0,3.0,2.0,3.0,3.0,2.0
5896,1.0,7.0,3.0,1.0,2.0,2.0,3.0,2.0,2.0
5897,1.0,8.0,3.0,1.0,2.0,2.0,3.0,2.0,1.0
5898,1.0,9.0,3.0,3.0,3.0,3.0,4.0,2.0,2.0
5899,1.0,9.0,3.0,2.0,2.0,3.0,2.0,2.0,2.0
5900,1.0,9.0,3.0,,3.0,3.0,3.0,1.0,2.0
5901,1.0,8.0,3.0,1.0,2.0,1.0,3.0,1.0,2.0
5902,1.0,10.0,2.0,1.0,2.0,2.0,2.0,2.0,2.0
5903,1.0,10.0,2.0,,3.0,3.0,4.0,4.0,2.0
5904,1.0,10.0,4.0,2.0,3.0,3.0,3.0,2.0,2.0
5905,1.0,12.0,4.0,1.0,3.0,2.0,4.0,3.0,2.0
5906,2.0,3.0,4.0,3.0,3.0,2.0,3.0,2.0,1.0
5907,2.0,2.0,4.0,2.0,2.0,3.0,3.0,3.0,
5908,2.0,2.0,3.0,2.0,2.0,3.0,2.0,3.0,2.0
5909,2.0,2.0,3.0,2.0,2.0,2.0,2.0,3.0,
5910,2.0,3.0,4.0,,1.0,3.0,4.0,1.0,2.0
5911,2.0,2.0,4.0,2.0,2.0,2.0,2.0,2.0,1.0
5912,2.0,3.0,4.0,2.0,2.0,2.0,4.0,2.0,2.0
5913,2.0,2.0,4.0,,3.0,3.0,2.0,3.0,1.0
5914,2.0,2.0,3.0,,2.0,2.0,4.0,2.0,
5915,2.0,2.0,4.0,2.0,3.0,1.0,3.0,3.0,1.0
5916,2.0,3.0,3.0,3.0,1.0,2.0,3.0,2.0,1.0
5917,2.0,5.0,4.0,2.0,3.0,2.0,3.0,2.0,2.0
5918,2.0,4.0,4.0,,2.0,2.0,3.0,2.0,2.0
5919,2.0,5.0,3.0,5.0,2.0,3.0,2.0,2.0,1.0
5920,2.0,5.0,3.0,2.0,2.0,2.0,2.0,2.0,2.0
5921,2.0,5.0,3.0,2.0,3.0,3.0,3.0,4.0,2.0
5922,2.0,5.0,3.0,1.0,3.0,2.0,3.0,3.0,2.0
5923,2.0,4.0,4.0,2.0,2.0,2.0,3.0,3.0,2.0
5924,2.0,5.0,4.0,2.0,3.0,2.0,2.0,3.0,2.0
5925,2.0,4.0,3.0,2.0,1.0,2.0,4.0,2.0,1.0
5926,2.0,5.0,3.0,1.0,2.0,3.0,2.0,4.0,2.0
5927,2.0,5.0,3.0,,2.0,3.0,4.0,1.0,2.0
5928,2.0,6.0,4.0,1.0,3.0,2.0,3.0,2.0,2.0
5929,2.0,7.0,3.0,,3.0,3.0,2.0,3.0,2.0
5930,2.0,7.0,3.0,1.0,3.0,2.0,2.0,3.0,2.0
5931,2.0,6.0,3.0,,3.0,2.0,3.0,2.0,2.0
5932,2.0,6.0,3.0,2.0,2.0,2.0,3.0,3.0,2.0
5933,2.0,6.0,3.0,3.0,3.0,2.0,3.0,3.0,2.0
5934,2.0,7.0,3.0,,2.0,2.0,3.0,3.0,1.0
5935,2.0,6.0,3.0,5.0,2.0,3.0,3.0,2.0,2.0
5936,2.0,7.0,3.0,,3.0,3.0,2.0,2.0,2.0
5937,2.0,8.0,3.0,,1.0,1.0,4.0,4.0,2.0
5938,2.0,8.0,3.0,2.0,1.0,2.0,3.0,2.0,2.0
5939,2.0,8.0,3.0,1.0,3.0,2.0,3.0,2.0,2.0
5940,2.0,9.0,2.0,,3.0,3.0,3.0,4.0,2.0
5941,2.0,8.0,3.0,1.0,3.0,3.0,2.0,2.0,2.0
5942,2.0,10.0,3.0,2.0,2.0,3.0,1.0,4.0,2.0
5943,2.0,10.0,2.0,1.0,3.0,3.0,4.0,2.0,2.0
5944,2.0,10.0,2.0,1.0,1.0,2.0,2.0,1.0,2.0
5945,2.0,10.0,1.0,1.0,2.0,2.0,2.0,1.0,2.0
5946,2.0,11.0,1.0,1.0,1.0,3.0,2.0,4.0,2.0
5947,2.0,11.0,3.0,,3.0,2.0,3.0,3.0,2.0
5948,2.0,10.0,3.0,2.0,2.0,3.0,3.0,3.0,2.0
5949,1.0,2.0,4.0,3.0,3.0,2.0,2.0,3.0,
5950,1.0,3.0,4.0,3.0,1.0,3.0,3.0,3.0,2.0
5951,1.0,2.0,3.0,3.0,1.0,2.0,4.0,3.0,2.0
5952,1.0,4.0,3.0,3.0,4.0,2.0,4.0,3.0,2.0
5953,1.0,3.0,3.0,2.0,1.0,2.0,2.0,2.0,2.0
5954,1.0,3.0,4.0,3.0,2.0,2.0,3.0,2.0,1.0
5955,1.0,3.0,3.0,2.0,4.0,3.0,3.0,3.0,2.0
5956,1.0,3.0,4.0,5.0,2.0,3.0,3.0,3.0,2.0
5957,1.0,3.0,4.0,4.0,1.0,3.0,3.0,3.0,2.0
5958,1.0,3.0,3.0,2.0,3.0,2.0,3.0,4.0,2.0
5959,1.0,5.0,4.0,3.0,3.0,1.0,3.0,3.0,2.0
5960,1.0,4.0,4.0,2.0,1.0,3.0,4.0,4.0,1.0
5961,1.0,4.0,3.0,2.0,1.0,3.0,3.0,3.0,1.0
5962,1.0,5.0,3.0,2.0,1.0,3.0,3.0,3.0,1.0
5963,1.0,4.0,3.0,3.0,3.0,2.0,3.0,3.0,1.0
5964,1.0,4.0,3.0,2.0,3.0,2.0,3.0,3.0,2.0
5965,1.0,4.0,4.0,2.0,3.0,3.0,3.0,3.0,2.0
5966,1.0,4.0,4.0,4.0,3.0,2.0,3.0,4.0,2.0
5967,1.0,5.0,4.0,4.0,2.0,,4.0,4.0,2.0
5968,1.0,4.0,3.0,3.0,3.0,2.0,4.0,3.0,2.0
5969,1.0,4.0,3.0,2.0,2.0,3.0,3.0,3.0,1.0
5970,1.0,7.0,3.0,3.0,2.0,2.0,4.0,4.0,2.0
5971,1.0,6.0,4.0,4.0,1.0,3.0,3.0,4.0,2.0
5972,1.0,7.0,3.0,3.0,2.0,3.0,2.0,2.0,2.0
5973,1.0,6.0,4.0,4.0,1.0,3.0,2.0,3.0,2.0
5974,1.0,6.0,3.0,4.0,3.0,3.0,3.0,4.0,2.0
5975,1.0,6.0,3.0,3.0,2.0,3.0,2.0,3.0,2.0
5976,1.0,7.0,3.0,4.0,2.0,3.0,4.0,3.0,2.0
5977,1.0,7.0,3.0,2.0,3.0,2.0,3.0,2.0,2.0
5978,1.0,7.0,4.0,5.0,4.0,3.0,3.0,3.0,2.0
5979,1.0,6.0,4.0,2.0,4.0,2.0,4.0,3.0,2.0
5980,1.0,8.0,4.0,3.0,2.0,2.0,4.0,3.0,2.0
5981,1.0,8.0,3.0,4.0,2.0,3.0,3.0,3.0,2.0
5982,1.0,8.0,3.0,3.0,1.0,3.0,2.0,3.0,2.0
5983,1.0,9.0,3.0,2.0,3.0,2.0,2.0,3.0,2.0
5984,1.0,10.0,3.0,2.0,3.0,3.0,4.0,4.0,2.0
5985,1.0,10.0,3.0,2.0,3.0,2.0,3.0,4.0,2.0
5986,1.0,10.0,2.0,1.0,1.0,3.0,2.0,4.0,2.0
5987,1.0,10.0,3.0,2.0,2.0,3.0,3.0,3.0,2.0
5988,2.0,3.0,3.0,2.0,1.0,2.0,3.0,3.0,2.0
5989,2.0,2.0,4.0,2.0,3.0,2.0,4.0,3.0,
5990,2.0,3.0,3.0,4.0,1.0,3.0,3.0,3.0,2.0
5991,2.0,3.0,3.0,2.0,1.0,3.0,4.0,3.0,1.0
5992,2.0,3.0,3.0,2.0,1.0,3.0,2.0,2.0,2.0
5993,2.0,3.0,3.0,2.0,1.0,3.0,2.0,2.0,2.0
5994,2.0,3.0,3.0,3.0,1.0,3.0,2.0,2.0,2.0
5995,2.0,3.0,3.0,3.0,1.0,3.0,2.0,4.0,2.0
5996,2.0,3.0,4.0,3.0,1.0,3.0,3.0,3.0,2.0
5997,2.0,2.0,4.0,3.0,3.0,2.0,3.0,4.0,2.0
5998,2.0,4.0,3.0,2.0,2.0,2.0,4.0,4.0,2.0
5999,2.0,5.0,4.0,2.0,1.0,3.0,4.0,4.0,2.0
6000,2.0,4.0,4.0,3.0,3.0,2.0,2.0,3.0,2.0
6001,2.0,5.0,4.0,4.0,3.0,3.0,4.0,3.0,2.0
6002,2.0,5.0,4.0,3.0,2.0,2.0,3.0,3.0,2.0
6003,2.0,5.0,3.0,2.0,1.0,3.0,2.0,3.0,2.0
6004,2.0,5.0,4.0,2.0,1.0,3.0,2.0,3.0,2.0
6005,2.0,5.0,3.0,4.0,1.0,3.0,3.0,4.0,2.0
6006,2.0,5.0,4.0,2.0,4.0,3.0,3.0,4.0,1.0
6007,2.0,5.0,3.0,4.0,1.0,3.0,3.0,3.0,2.0
6008,2.0,5.0,4.0,3.0,2.0,2.0,3.0,4.0,2.0
6009,2.0,6.0,3.0,1.0,1.0,2.0,3.0,3.0,1.0
6010,2.0,6.0,3.0,2.0,1.0,2.0,3.0,4.0,1.0
6011,2.0,7.0,3.0,3.0,1.0,3.0,4.0,4.0,2.0
6012,2.0,6.0,4.0,3.0,2.0,2.0,3.0,3.0,2.0
6013,2.0,7.0,4.0,4.0,1.0,3.0,2.0,2.0,2.0
6014,2.0,6.0,3.0,2.0,2.0,2.0,4.0,2.0,2.0
6015,2.0,7.0,3.0,3.0,1.0,3.0,3.0,3.0,2.0
6016,2.0,7.0,3.0,3.0,2.0,2.0,2.0,4.0,2.0
6017,2.0,7.0,3.0,3.0,2.0,2.0,3.0,3.0,1.0
6018,2.0,9.0,3.0,2.0,1.0,3.0,2.0,4.0,2.0
6019,2.0,8.0,3.0,2.0,1.0,3.0,2.0,2.0,2.0
6020,2.0,8.0,3.0,2.0,2.0,2.0,4.0,3.0,2.0
6021,2.0,8.0,3.0,3.0,1.0,3.0,2.0,3.0,2.0
6022,2.0,10.0,2.0,2.0,2.0,2.0,4.0,3.0,2.0
6023,2.0,10.0,3.0,2.0,1.0,3.0,3.0,2.0,2.0
6024,2.0,10.0,2.0,2.0,2.0,2.0,3.0,3.0,2.0
6025,2.0,10.0,2.0,1.0,2.0,2.0,3.0,3.0,2.0
6026,2.0,11.0,2.0,2.0,1.0,3.0,3.0,3.0,2.0
6027,2.0,10.0,2.0,2.0,1.0,3.0,3.0,3.0,2.0
6028,1.0,2.0,4.0,,2.0,3.0,2.0,4.0,2.0
6029,1.0,3.0,4.0,,3.0,3.0,3.0,3.0,2.0
6030,1.0,3.0,4.0,4.0,3.0,3.0,1.0,2.0,2.0
6031,1.0,3.0,4.0,,2.0,3.0,2.0,3.0,2.0
6032,1.0,3.0,3.0,1.0,2.0,3.0,3.0,3.0,2.0
6033,1.0,3.0,4.0,1.0,2.0,3.0,3.0,3.0,2.0
6034,1.0,4.0,4.0,3.0,3.0,3.0,3.0,3.0,2.0
6035,1.0,4.0,3.0,,3.0,3.0,3.0,2.0,2.0
6036,1.0,5.0,3.0,,2.0,3.0,2.0,2.0,2.0
6037,1.0,5.0,3.0,,3.0,3.0,4.0,2.0,2.0
6038,1.0,5.0,4.0,,2.0,3.0,3.0,2.0,2.0
6039,1.0,5.0,3.0,3.0,2.0,3.0,1.0,3.0,1.0
6040,1.0,6.0,4.0,3.0,4.0,3.0,2.0,2.0,2.0
6041,1.0,6.0,4.0,4.0,4.0,3.0,2.0,2.0,2.0
6042,1.0,6.0,4.0,,3.0,3.0,3.0,3.0,2.0
6043,1.0,7.0,3.0,,3.0,3.0,1.0,2.0,2.0
6044,1.0,8.0,4.0,,2.0,3.0,3.0,3.0,1.0
6045,1.0,8.0,3.0,,3.0,3.0,3.0,3.0,2.0
6046,1.0,8.0,4.0,2.0,2.0,3.0,3.0,3.0,2.0
6047,1.0,10.0,2.0,3.0,3.0,3.0,2.0,2.0,2.0
6048,1.0,11.0,3.0,,1.0,3.0,2.0,1.0,2.0
6049,2.0,2.0,4.0,,1.0,2.0,3.0,3.0,1.0
6050,2.0,2.0,4.0,1.0,3.0,3.0,3.0,3.0,2.0
6051,2.0,3.0,4.0,,2.0,3.0,2.0,2.0,2.0
6052,2.0,3.0,3.0,,3.0,3.0,4.0,1.0,2.0
6053,2.0,3.0,3.0,1.0,3.0,3.0,2.0,3.0,2.0
6054,2.0,3.0,3.0,,2.0,3.0,2.0,2.0,2.0
6055,2.0,4.0,4.0,,2.0,2.0,3.0,3.0,2.0
6056,2.0,5.0,4.0,2.0,2.0,3.0,2.0,3.0,2.0
6057,2.0,5.0,3.0,,2.0,3.0,3.0,3.0,2.0
6058,2.0,5.0,4.0,,2.0,3.0,3.0,2.0,2.0
6059,2.0,5.0,3.0,4.0,1.0,2.0,3.0,2.0,2.0
6060,2.0,5.0,3.0,2.0,2.0,3.0,3.0,3.0,2.0
6061,2.0,6.0,3.0,,3.0,3.0,2.0,3.0,2.0
6062,2.0,7.0,3.0,,3.0,3.0,4.0,3.0,2.0
6063,2.0,7.0,3.0,,3.0,3.0,2.0,3.0,2.0
6064,2.0,7.0,3.0,2.0,2.0,3.0,2.0,4.0,2.0
6065,2.0,8.0,3.0,3.0,2.0,3.0,3.0,2.0,2.0
6066,2.0,8.0,3.0,,1.0,3.0,3.0,2.0,2.0
6067,2.0,10.0,2.0,3.0,2.0,3.0,2.0,3.0,1.0
6068,2.0,10.0,2.0,,2.0,3.0,3.0,2.0,2.0
6069,2.0,10.0,3.0,,3.0,3.0,2.0,4.0,2.0
6070,1.0,2.0,4.0,2.0,1.0,3.0,3.0,2.0,2.0
6071,1.0,3.0,4.0,,2.0,3.0,3.0,1.0,1.0
6072,1.0,2.0,3.0,,3.0,2.0,3.0,1.0,2.0
6073,1.0,3.0,3.0,,1.0,3.0,3.0,3.0,1.0
6074,1.0,2.0,4.0,,3.0,2.0,3.0,3.0,2.0
6075,1.0,3.0,3.0,1.0,2.0,2.0,4.0,2.0,1.0
6076,1.0,4.0,3.0,1.0,3.0,3.0,4.0,2.0,2.0
6077,1.0,4.0,3.0,1.0,2.0,,3.0,2.0,1.0
6078,1.0,5.0,3.0,2.0,3.0,2.0,4.0,3.0,2.0
6079,1.0,4.0,3.0,5.0,2.0,3.0,3.0,3.0,2.0
6080,1.0,5.0,3.0,,3.0,2.0,2.0,2.0,2.0
6081,1.0,5.0,4.0,2.0,2.0,3.0,4.0,3.0,2.0
6082,1.0,6.0,4.0,2.0,2.0,2.0,3.0,2.0,1.0
6083,1.0,7.0,3.0,,3.0,3.0,1.0,1.0,2.0
6084,1.0,6.0,3.0,2.0,3.0,2.0,3.0,2.0,2.0
6085,1.0,6.0,4.0,,4.0,3.0,3.0,3.0,2.0
6086,1.0,7.0,2.0,2.0,1.0,3.0,4.0,3.0,1.0
6087,1.0,8.0,3.0,,4.0,2.0,4.0,3.0,2.0
6088,1.0,9.0,3.0,1.0,2.0,2.0,2.0,2.0,2.0
6089,1.0,9.0,3.0,1.0,1.0,3.0,4.0,3.0,2.0
6090,1.0,10.0,4.0,5.0,3.0,3.0,2.0,3.0,2.0
6091,1.0,12.0,2.0,2.0,1.0,1.0,4.0,4.0,2.0
6092,2.0,2.0,4.0,2.0,1.0,2.0,4.0,3.0,1.0
6093,2.0,2.0,3.0,2.0,3.0,3.0,3.0,2.0,1.0
6094,2.0,3.0,4.0,4.0,2.0,2.0,4.0,3.0,2.0
6095,2.0,3.0,3.0,3.0,3.0,2.0,3.0,4.0,2.0
6096,2.0,2.0,4.0,5.0,2.0,2.0,4.0,2.0,2.0
6097,2.0,4.0,3.0,2.0,1.0,3.0,2.0,4.0,2.0
6098,2.0,5.0,3.0,1.0,2.0,3.0,3.0,2.0,2.0
6099,2.0,5.0,4.0,,3.0,,2.0,1.0,2.0
6100,2.0,4.0,3.0,5.0,2.0,2.0,2.0,4.0,2.0
6101,2.0,5.0,4.0,3.0,3.0,2.0,2.0,3.0,2.0
6102,2.0,4.0,3.0,2.0,2.0,3.0,4.0,2.0,2.0
6103,2.0,6.0,3.0,2.0,2.0,2.0,4.0,3.0,2.0
6104,2.0,6.0,3.0,,2.0,3.0,2.0,3.0,2.0
6105,2.0,6.0,3.0,3.0,3.0,2.0,2.0,3.0,2.0
6106,2.0,7.0,3.0,,2.0,2.0,3.0,2.0,2.0
6107,2.0,7.0,3.0,,3.0,1.0,4.0,3.0,2.0
6108,2.0,9.0,3.0,,3.0,2.0,4.0,1.0,2.0
6109,2.0,8.0,3.0,,3.0,2.0,3.0,2.0,2.0
6110,2.0,10.0,4.0,2.0,3.0,3.0,3.0,2.0,2.0
6111,2.0,10.0,2.0,3.0,1.0,2.0,4.0,3.0,2.0
6112,2.0,10.0,2.0,2.0,1.0,2.0,4.0,2.0,2.0
6113,1.0,2.0,3.0,,2.0,3.0,2.0,2.0,2.0
6114,1.0,2.0,4.0,2.0,2.0,3.0,3.0,3.0,1.0
6115,1.0,2.0,4.0,2.0,2.0,2.0,2.0,3.0,2.0
6116,1.0,2.0,3.0,1.0,2.0,3.0,2.0,2.0,1.0
6117,1.0,2.0,4.0,3.0,3.0,3.0,4.0,2.0,1.0
6118,1.0,5.0,3.0,1.0,4.0,3.0,3.0,3.0,2.0
6119,1.0,4.0,3.0,3.0,3.0,3.0,3.0,2.0,2.0
6120,1.0,5.0,3.0,,3.0,3.0,4.0,3.0,2.0
6121,1.0,4.0,4.0,2.0,3.0,1.0,2.0,2.0,2.0
6122,1.0,4.0,3.0,1.0,1.0,3.0,3.0,1.0,1.0
6123,1.0,6.0,4.0,1.0,3.0,3.0,3.0,2.0,2.0
6124,1.0,6.0,3.0,,2.0,2.0,2.0,3.0,2.0
6125,1.0,6.0,4.0,4.0,3.0,2.0,4.0,4.0,2.0
6126,1.0,6.0,4.0,3.0,3.0,2.0,3.0,2.0,2.0
6127,1.0,8.0,3.0,1.0,1.0,3.0,3.0,2.0,2.0
6128,1.0,8.0,3.0,4.0,3.0,2.0,3.0,3.0,2.0
6129,1.0,10.0,2.0,1.0,2.0,2.0,2.0,2.0,2.0
6130,2.0,2.0,4.0,2.0,2.0,3.0,2.0,3.0,1.0
6131,2.0,2.0,4.0,,2.0,2.0,4.0,3.0,2.0
6132,2.0,3.0,4.0,3.0,3.0,3.0,3.0,3.0,2.0
6133,2.0,3.0,4.0,5.0,2.0,2.0,3.0,2.0,1.0
6134,2.0,5.0,4.0,3.0,2.0,2.0,3.0,2.0,2.0
6135,2.0,4.0,3.0,,1.0,1.0,3.0,3.0,2.0
6136,2.0,5.0,3.0,2.0,1.0,3.0,3.0,3.0,2.0
6137,2.0,5.0,3.0,3.0,3.0,3.0,3.0,3.0,1.0
6138,2.0,5.0,3.0,1.0,3.0,3.0,2.0,2.0,2.0
6139,2.0,6.0,3.0,,2.0,2.0,3.0,2.0,2.0
6140,2.0,7.0,2.0,,2.0,2.0,3.0,3.0,1.0
6141,2.0,7.0,4.0,3.0,3.0,3.0,3.0,2.0,2.0
6142,2.0,8.0,3.0,2.0,2.0,2.0,3.0,2.0,1.0
6143,2.0,8.0,3.0,2.0,3.0,3.0,3.0,2.0,2.0
6144,2.0,10.0,3.0,,1.0,3.0,3.0,1.0,2.0
6145,2.0,10.0,2.0,,1.0,3.0,2.0,2.0,2.0
6146,1.0,3.0,3.0,2.0,2.0,3.0,3.0,4.0,2.0
6147,1.0,3.0,4.0,2.0,4.0,2.0,3.0,2.0,2.0
6148,1.0,2.0,3.0,2.0,1.0,2.0,3.0,4.0,
6149,1.0,3.0,4.0,2.0,2.0,1.0,3.0,3.0,2.0
6150,1.0,2.0,4.0,3.0,2.0,2.0,3.0,4.0,1.0
6151,1.0,2.0,4.0,3.0,1.0,2.0,3.0,2.0,
6152,1.0,2.0,4.0,3.0,3.0,3.0,2.0,2.0,2.0
6153,1.0,3.0,4.0,2.0,2.0,2.0,4.0,2.0,2.0
6154,1.0,3.0,3.0,2.0,3.0,3.0,3.0,2.0,2.0
6155,1.0,3.0,3.0,3.0,3.0,2.0,1.0,3.0,2.0
6156,1.0,2.0,4.0,3.0,2.0,3.0,3.0,3.0,1.0
6157,1.0,3.0,4.0,2.0,3.0,3.0,4.0,2.0,1.0
6158,1.0,3.0,4.0,3.0,2.0,2.0,3.0,3.0,2.0
6159,1.0,3.0,3.0,2.0,2.0,2.0,3.0,2.0,2.0
6160,1.0,3.0,3.0,2.0,2.0,2.0,3.0,3.0,2.0
6161,1.0,3.0,3.0,3.0,1.0,3.0,3.0,2.0,2.0
6162,1.0,2.0,4.0,5.0,2.0,2.0,3.0,2.0,2.0
6163,1.0,3.0,4.0,3.0,2.0,2.0,2.0,2.0,2.0
6164,1.0,2.0,4.0,2.0,1.0,3.0,3.0,3.0,2.0
6165,1.0,3.0,4.0,3.0,3.0,2.0,3.0,2.0,2.0
6166,1.0,3.0,3.0,3.0,2.0,3.0,2.0,3.0,1.0
6167,1.0,2.0,4.0,,2.0,3.0,2.0,2.0,2.0
6168,1.0,3.0,3.0,2.0,3.0,3.0,4.0,3.0,2.0
6169,1.0,3.0,4.0,2.0,3.0,3.0,4.0,2.0,2.0
6170,1.0,3.0,4.0,3.0,3.0,3.0,2.0,3.0,2.0
6171,1.0,3.0,3.0,2.0,2.0,2.0,3.0,3.0,1.0
6172,1.0,3.0,4.0,3.0,1.0,3.0,3.0,3.0,1.0
6173,1.0,3.0,4.0,3.0,2.0,2.0,2.0,3.0,1.0
6174,1.0,3.0,3.0,2.0,3.0,2.0,2.0,1.0,1.0
6175,1.0,4.0,3.0,2.0,3.0,2.0,2.0,2.0,2.0
6176,1.0,4.0,3.0,1.0,2.0,1.0,3.0,3.0,2.0
6177,1.0,4.0,4.0,4.0,4.0,2.0,2.0,3.0,2.0
6178,1.0,5.0,4.0,3.0,3.0,3.0,3.0,3.0,2.0
6179,1.0,4.0,4.0,1.0,3.0,2.0,3.0,3.0,2.0
6180,1.0,4.0,3.0,2.0,4.0,3.0,3.0,2.0,1.0
6181,1.0,5.0,3.0,1.0,4.0,3.0,2.0,2.0,1.0
6182,1.0,4.0,3.0,1.0,2.0,3.0,3.0,2.0,2.0
6183,1.0,4.0,4.0,2.0,1.0,3.0,3.0,4.0,1.0
6184,1.0,4.0,3.0,2.0,2.0,2.0,3.0,2.0,2.0
6185,1.0,5.0,4.0,3.0,1.0,2.0,3.0,2.0,2.0
6186,1.0,5.0,4.0,2.0,2.0,2.0,3.0,2.0,1.0
6187,1.0,5.0,4.0,2.0,1.0,2.0,3.0,2.0,2.0
6188,1.0,5.0,4.0,2.0,2.0,2.0,3.0,2.0,2.0
6189,1.0,5.0,4.0,2.0,1.0,2.0,3.0,2.0,2.0
6190,1.0,4.0,4.0,2.0,1.0,2.0,3.0,2.0,2.0
6191,1.0,5.0,4.0,2.0,1.0,3.0,3.0,4.0,2.0
6192,1.0,5.0,3.0,2.0,3.0,2.0,3.0,2.0,2.0
6193,1.0,5.0,4.0,3.0,2.0,2.0,3.0,3.0,1.0
6194,1.0,5.0,4.0,2.0,2.0,3.0,3.0,2.0,2.0
6195,1.0,5.0,4.0,2.0,3.0,2.0,2.0,4.0,1.0
6196,1.0,5.0,4.0,2.0,2.0,2.0,3.0,3.0,2.0
6197,1.0,4.0,3.0,1.0,1.0,2.0,3.0,3.0,1.0
6198,1.0,4.0,4.0,2.0,3.0,3.0,3.0,2.0,2.0
6199,1.0,5.0,4.0,2.0,3.0,3.0,3.0,3.0,2.0
6200,1.0,4.0,4.0,2.0,3.0,3.0,3.0,3.0,2.0
6201,1.0,4.0,4.0,2.0,4.0,3.0,3.0,3.0,2.0
6202,1.0,4.0,4.0,,2.0,3.0,2.0,2.0,2.0
6203,1.0,4.0,3.0,,2.0,3.0,2.0,2.0,2.0
6204,1.0,5.0,3.0,3.0,3.0,3.0,3.0,3.0,2.0
6205,1.0,5.0,3.0,2.0,3.0,3.0,3.0,2.0,2.0
6206,1.0,5.0,4.0,2.0,3.0,3.0,3.0,2.0,2.0
6207,1.0,4.0,4.0,2.0,1.0,3.0,2.0,2.0,2.0
6208,1.0,5.0,3.0,2.0,3.0,3.0,2.0,3.0,2.0
6209,1.0,4.0,3.0,2.0,3.0,2.0,3.0,3.0,2.0
6210,1.0,4.0,4.0,3.0,3.0,2.0,4.0,4.0,2.0
6211,1.0,4.0,3.0,3.0,3.0,3.0,2.0,2.0,2.0
6212,1.0,5.0,3.0,1.0,2.0,3.0,3.0,2.0,2.0
6213,1.0,6.0,3.0,2.0,3.0,3.0,2.0,3.0,2.0
6214,1.0,5.0,4.0,3.0,3.0,2.0,3.0,4.0,2.0
6215,1.0,6.0,4.0,3.0,2.0,2.0,2.0,3.0,2.0
6216,1.0,6.0,4.0,1.0,3.0,2.0,4.0,4.0,2.0
6217,1.0,7.0,3.0,2.0,2.0,2.0,2.0,4.0,2.0
6218,1.0,7.0,4.0,3.0,3.0,3.0,3.0,3.0,2.0
6219,1.0,7.0,4.0,3.0,3.0,2.0,3.0,3.0,2.0
6220,1.0,6.0,3.0,2.0,2.0,3.0,3.0,2.0,2.0
6221,1.0,7.0,3.0,3.0,3.0,3.0,4.0,3.0,2.0
6222,1.0,7.0,3.0,3.0,3.0,3.0,3.0,3.0,2.0
6223,1.0,6.0,4.0,3.0,3.0,3.0,3.0,4.0,2.0
6224,1.0,7.0,4.0,3.0,1.0,3.0,3.0,2.0,2.0
6225,1.0,7.0,4.0,3.0,1.0,3.0,3.0,2.0,2.0
6226,1.0,7.0,4.0,3.0,2.0,3.0,3.0,2.0,2.0
6227,1.0,7.0,4.0,3.0,1.0,2.0,3.0,2.0,2.0
6228,1.0,6.0,4.0,2.0,2.0,3.0,3.0,2.0,2.0
6229,1.0,6.0,4.0,3.0,1.0,3.0,2.0,2.0,2.0
6230,1.0,7.0,3.0,2.0,3.0,2.0,3.0,3.0,2.0
6231,1.0,7.0,3.0,3.0,3.0,2.0,3.0,3.0,2.0
6232,1.0,6.0,4.0,3.0,3.0,3.0,4.0,3.0,2.0
6233,1.0,7.0,3.0,2.0,3.0,3.0,3.0,2.0,2.0
6234,1.0,7.0,4.0,3.0,2.0,3.0,3.0,3.0,2.0
6235,1.0,6.0,3.0,,2.0,3.0,2.0,3.0,2.0
6236,1.0,7.0,4.0,3.0,1.0,3.0,2.0,2.0,2.0
6237,1.0,6.0,3.0,2.0,3.0,3.0,3.0,4.0,2.0
6238,1.0,6.0,4.0,4.0,4.0,3.0,3.0,3.0,2.0
6239,1.0,6.0,3.0,2.0,2.0,2.0,3.0,3.0,1.0
6240,1.0,7.0,3.0,2.0,3.0,2.0,3.0,3.0,2.0
6241,1.0,6.0,3.0,2.0,2.0,3.0,2.0,2.0,2.0
6242,1.0,6.0,3.0,1.0,2.0,3.0,3.0,2.0,2.0
6243,1.0,7.0,3.0,2.0,3.0,2.0,3.0,4.0,2.0
6244,1.0,6.0,4.0,2.0,3.0,,4.0,2.0,2.0
6245,1.0,7.0,3.0,3.0,3.0,2.0,3.0,2.0,2.0
6246,1.0,9.0,2.0,2.0,3.0,3.0,2.0,2.0,2.0
6247,1.0,9.0,3.0,1.0,2.0,2.0,3.0,2.0,1.0
6248,1.0,8.0,3.0,2.0,2.0,2.0,3.0,2.0,2.0
6249,1.0,9.0,3.0,3.0,4.0,2.0,2.0,3.0,2.0
6250,1.0,8.0,4.0,4.0,3.0,3.0,2.0,2.0,2.0
6251,1.0,8.0,4.0,3.0,2.0,3.0,3.0,2.0,2.0
6252,1.0,8.0,3.0,3.0,1.0,3.0,2.0,2.0,2.0
6253,1.0,8.0,3.0,4.0,3.0,3.0,3.0,3.0,2.0
6254,1.0,8.0,4.0,4.0,3.0,3.0,3.0,3.0,2.0
6255,1.0,9.0,4.0,3.0,4.0,2.0,4.0,2.0,2.0
6256,1.0,8.0,3.0,2.0,3.0,2.0,4.0,3.0,2.0
6257,1.0,9.0,3.0,3.0,3.0,3.0,2.0,3.0,2.0
6258,1.0,8.0,3.0,1.0,4.0,2.0,4.0,3.0,2.0
6259,1.0,9.0,3.0,2.0,3.0,2.0,2.0,4.0,2.0
6260,1.0,10.0,3.0,1.0,2.0,2.0,2.0,4.0,2.0
6261,1.0,10.0,1.0,3.0,1.0,3.0,4.0,4.0,2.0
6262,1.0,10.0,4.0,3.0,3.0,3.0,2.0,3.0,2.0
6263,1.0,10.0,3.0,2.0,3.0,2.0,3.0,2.0,2.0
6264,1.0,10.0,2.0,1.0,2.0,3.0,3.0,3.0,2.0
6265,1.0,10.0,3.0,3.0,2.0,3.0,2.0,3.0,2.0
6266,1.0,10.0,3.0,3.0,3.0,3.0,3.0,3.0,2.0
6267,1.0,10.0,2.0,3.0,2.0,2.0,4.0,3.0,1.0
6268,1.0,10.0,3.0,2.0,3.0,2.0,2.0,3.0,2.0
6269,1.0,10.0,3.0,4.0,3.0,2.0,4.0,2.0,2.0
6270,1.0,11.0,3.0,4.0,2.0,3.0,3.0,2.0,2.0
6271,1.0,12.0,4.0,1.0,4.0,3.0,3.0,2.0,1.0
6272,1.0,12.0,3.0,2.0,3.0,3.0,2.0,2.0,2.0
6273,2.0,4.0,3.0,2.0,1.0,3.0,3.0,3.0,2.0
6274,2.0,3.0,3.0,2.0,1.0,2.0,3.0,2.0,2.0
6275,2.0,2.0,4.0,3.0,1.0,2.0,2.0,4.0,1.0
6276,2.0,3.0,4.0,4.0,1.0,2.0,4.0,4.0,2.0
6277,2.0,2.0,3.0,1.0,3.0,3.0,3.0,2.0,
6278,2.0,2.0,4.0,3.0,2.0,2.0,1.0,3.0,2.0
6279,2.0,3.0,4.0,4.0,4.0,2.0,2.0,4.0,2.0
6280,2.0,2.0,4.0,3.0,2.0,3.0,2.0,2.0,1.0
6281,2.0,3.0,4.0,3.0,4.0,3.0,3.0,3.0,2.0
6282,2.0,2.0,4.0,4.0,3.0,3.0,3.0,3.0,2.0
6283,2.0,3.0,3.0,1.0,3.0,3.0,3.0,4.0,1.0
6284,2.0,2.0,4.0,1.0,4.0,3.0,2.0,3.0,2.0
6285,2.0,2.0,4.0,3.0,1.0,3.0,3.0,2.0,
6286,2.0,2.0,4.0,3.0,1.0,3.0,3.0,2.0,1.0
6287,2.0,2.0,4.0,2.0,1.0,3.0,3.0,2.0,1.0
6288,2.0,3.0,3.0,2.0,2.0,3.0,3.0,2.0,2.0
6289,2.0,2.0,4.0,4.0,2.0,2.0,2.0,3.0,2.0
6290,2.0,3.0,3.0,3.0,2.0,2.0,3.0,2.0,2.0
6291,2.0,3.0,4.0,4.0,1.0,3.0,3.0,2.0,2.0
6292,2.0,3.0,4.0,4.0,2.0,3.0,2.0,2.0,2.0
6293,2.0,3.0,4.0,4.0,2.0,3.0,3.0,4.0,1.0
6294,2.0,3.0,4.0,,2.0,3.0,2.0,2.0,2.0
6295,2.0,3.0,3.0,2.0,4.0,3.0,3.0,3.0,2.0
6296,2.0,3.0,4.0,3.0,1.0,3.0,3.0,4.0,2.0
6297,2.0,3.0,4.0,3.0,1.0,3.0,3.0,2.0,1.0
6298,2.0,3.0,3.0,3.0,3.0,2.0,2.0,4.0,2.0
6299,2.0,3.0,4.0,3.0,1.0,3.0,2.0,2.0,1.0
6300,2.0,4.0,3.0,1.0,1.0,3.0,2.0,2.0,1.0
6301,2.0,2.0,4.0,2.0,1.0,2.0,3.0,3.0,1.0
6302,2.0,4.0,3.0,3.0,2.0,2.0,4.0,4.0,2.0
6303,2.0,4.0,3.0,2.0,4.0,2.0,1.0,3.0,2.0
6304,2.0,4.0,3.0,2.0,2.0,2.0,3.0,4.0,2.0
6305,2.0,4.0,3.0,,2.0,2.0,3.0,2.0,2.0
6306,2.0,4.0,3.0,,2.0,2.0,3.0,2.0,1.0
6307,2.0,4.0,3.0,2.0,2.0,3.0,2.0,2.0,2.0
6308,2.0,4.0,3.0,3.0,2.0,2.0,3.0,2.0,2.0
6309,2.0,5.0,4.0,2.0,2.0,2.0,4.0,3.0,2.0
6310,2.0,4.0,4.0,3.0,3.0,2.0,2.0,3.0,2.0
6311,2.0,5.0,3.0,2.0,3.0,4.0,2.0,2.0,2.0
6312,2.0,4.0,3.0,2.0,3.0,3.0,3.0,2.0,2.0
6313,2.0,5.0,3.0,2.0,4.0,4.0,4.0,3.0,2.0
6314,2.0,5.0,3.0,3.0,4.0,4.0,2.0,2.0,2.0
6315,2.0,5.0,3.0,2.0,2.0,3.0,3.0,3.0,1.0
6316,2.0,5.0,3.0,2.0,2.0,3.0,3.0,2.0,2.0
6317,2.0,4.0,4.0,2.0,3.0,3.0,3.0,2.0,1.0
6318,2.0,4.0,4.0,1.0,3.0,3.0,3.0,4.0,2.0
6319,2.0,5.0,3.0,2.0,2.0,2.0,3.0,2.0,1.0
6320,2.0,5.0,3.0,2.0,2.0,3.0,3.0,2.0,2.0
6321,2.0,5.0,3.0,3.0,2.0,3.0,3.0,2.0,2.0
6322,2.0,5.0,3.0,3.0,3.0,2.0,3.0,2.0,2.0
6323,2.0,6.0,3.0,3.0,2.0,3.0,3.0,2.0,2.0
6324,2.0,4.0,3.0,2.0,1.0,3.0,4.0,2.0,2.0
6325,2.0,5.0,3.0,3.0,3.0,3.0,3.0,3.0,2.0
6326,2.0,5.0,3.0,2.0,2.0,2.0,3.0,2.0,2.0
6327,2.0,5.0,3.0,3.0,2.0,3.0,2.0,2.0,2.0
6328,2.0,5.0,3.0,3.0,2.0,3.0,2.0,3.0,2.0
6329,2.0,4.0,3.0,2.0,2.0,3.0,3.0,4.0,2.0
6330,2.0,5.0,3.0,,2.0,3.0,2.0,2.0,2.0
6331,2.0,5.0,3.0,2.0,3.0,3.0,3.0,3.0,2.0
6332,2.0,5.0,3.0,2.0,1.0,3.0,4.0,2.0,2.0
6333,2.0,4.0,4.0,2.0,2.0,3.0,3.0,2.0,2.0
6334,2.0,4.0,4.0,2.0,2.0,3.0,2.0,2.0,2.0
6335,2.0,5.0,3.0,3.0,3.0,2.0,4.0,4.0,1.0
6336,2.0,5.0,3.0,2.0,2.0,3.0,3.0,2.0,2.0
6337,2.0,4.0,3.0,2.0,2.0,3.0,2.0,3.0,2.0
6338,2.0,4.0,3.0,2.0,2.0,3.0,1.0,1.0,2.0
6339,2.0,5.0,3.0,1.0,2.0,3.0,2.0,1.0,2.0
6340,2.0,4.0,3.0,1.0,2.0,2.0,2.0,3.0,2.0
6341,2.0,4.0,3.0,2.0,1.0,3.0,2.0,4.0,2.0
6342,2.0,5.0,3.0,3.0,2.0,2.0,3.0,2.0,2.0
6343,2.0,6.0,4.0,2.0,2.0,3.0,4.0,2.0,2.0
6344,2.0,6.0,4.0,2.0,1.0,2.0,2.0,3.0,2.0
6345,2.0,6.0,3.0,3.0,3.0,2.0,3.0,3.0,2.0
6346,2.0,6.0,4.0,2.0,1.0,2.0,3.0,3.0,2.0
6347,2.0,6.0,3.0,,4.0,3.0,3.0,4.0,2.0
6348,2.0,7.0,3.0,3.0,3.0,3.0,2.0,3.0,2.0
6349,2.0,6.0,3.0,2.0,3.0,3.0,3.0,2.0,2.0
6350,2.0,6.0,4.0,2.0,2.0,3.0,2.0,2.0,2.0
6351,2.0,7.0,3.0,3.0,1.0,3.0,2.0,2.0,2.0
6352,2.0,7.0,3.0,3.0,1.0,3.0,2.0,2.0,2.0
6353,2.0,8.0,3.0,3.0,2.0,3.0,3.0,2.0,2.0
6354,2.0,7.0,3.0,2.0,1.0,3.0,2.0,2.0,2.0
6355,2.0,7.0,4.0,5.0,2.0,2.0,2.0,3.0,2.0
6356,2.0,6.0,3.0,3.0,2.0,2.0,4.0,3.0,2.0
6357,2.0,7.0,3.0,3.0,2.0,3.0,4.0,3.0,2.0
6358,2.0,7.0,3.0,3.0,2.0,3.0,2.0,3.0,2.0
6359,2.0,6.0,3.0,2.0,2.0,3.0,2.0,2.0,2.0
6360,2.0,7.0,3.0,,3.0,3.0,2.0,3.0,2.0
6361,2.0,6.0,3.0,2.0,3.0,2.0,2.0,4.0,2.0
6362,2.0,7.0,3.0,3.0,1.0,3.0,3.0,3.0,2.0
6363,2.0,6.0,3.0,2.0,2.0,3.0,2.0,2.0,2.0
6364,2.0,6.0,3.0,4.0,3.0,3.0,3.0,2.0,2.0
6365,2.0,7.0,3.0,3.0,3.0,3.0,2.0,2.0,2.0
6366,2.0,6.0,3.0,2.0,3.0,3.0,2.0,1.0,2.0
6367,2.0,6.0,3.0,2.0,2.0,3.0,1.0,2.0,2.0
6368,2.0,6.0,3.0,3.0,2.0,2.0,3.0,2.0,2.0
6369,2.0,9.0,2.0,2.0,1.0,3.0,3.0,4.0,2.0
6370,2.0,8.0,4.0,3.0,1.0,2.0,2.0,4.0,1.0
6371,2.0,7.0,3.0,2.0,3.0,3.0,2.0,2.0,2.0
6372,2.0,8.0,3.0,2.0,3.0,2.0,2.0,3.0,2.0
6373,2.0,9.0,3.0,3.0,2.0,3.0,3.0,2.0,2.0
6374,2.0,9.0,3.0,3.0,2.0,3.0,3.0,2.0,1.0
6375,2.0,8.0,3.0,2.0,1.0,3.0,2.0,2.0,2.0
6376,2.0,8.0,3.0,3.0,2.0,2.0,3.0,3.0,2.0
6377,2.0,8.0,3.0,4.0,1.0,3.0,2.0,2.0,2.0
6378,2.0,8.0,3.0,,2.0,3.0,3.0,2.0,2.0
6379,2.0,8.0,3.0,3.0,1.0,2.0,2.0,4.0,2.0
6380,2.0,8.0,3.0,3.0,1.0,3.0,2.0,2.0,1.0
6381,2.0,9.0,2.0,3.0,3.0,3.0,3.0,3.0,2.0
6382,2.0,8.0,2.0,2.0,2.0,3.0,,4.0,1.0
6383,2.0,10.0,1.0,1.0,1.0,3.0,2.0,4.0,2.0
6384,2.0,10.0,3.0,3.0,1.0,2.0,2.0,2.0,2.0
6385,2.0,10.0,3.0,4.0,3.0,3.0,2.0,3.0,2.0
6386,2.0,10.0,2.0,1.0,4.0,3.0,2.0,1.0,2.0
6387,2.0,10.0,3.0,3.0,2.0,2.0,3.0,2.0,2.0
6388,2.0,10.0,3.0,3.0,1.0,3.0,3.0,2.0,2.0
6389,2.0,10.0,2.0,2.0,1.0,3.0,2.0,2.0,2.0
6390,2.0,10.0,3.0,3.0,1.0,3.0,3.0,2.0,2.0
6391,2.0,10.0,3.0,3.0,1.0,3.0,3.0,2.0,2.0
6392,2.0,10.0,3.0,3.0,1.0,3.0,3.0,2.0,1.0
6393,2.0,10.0,3.0,1.0,3.0,3.0,2.0,2.0,2.0
6394,2.0,11.0,1.0,3.0,2.0,3.0,3.0,2.0,2.0
6395,2.0,12.0,2.0,1.0,3.0,3.0,2.0,2.0,2.0
6396,2.0,10.0,4.0,4.0,3.0,3.0,3.0,3.0,2.0
6397,2.0,11.0,1.0,4.0,1.0,3.0,3.0,3.0,2.0
6398,2.0,11.0,2.0,,1.0,3.0,4.0,1.0,2.0
6399,2.0,11.0,1.0,2.0,1.0,3.0,3.0,4.0,2.0
6400,2.0,11.0,3.0,3.0,2.0,2.0,4.0,2.0,2.0
6401,1.0,3.0,3.0,3.0,2.0,,3.0,3.0,2.0
6402,1.0,3.0,3.0,3.0,3.0,3.0,2.0,3.0,2.0
6403,1.0,2.0,3.0,2.0,3.0,3.0,2.0,2.0,2.0
6404,1.0,2.0,3.0,2.0,2.0,3.0,2.0,2.0,2.0
6405,1.0,4.0,3.0,1.0,4.0,2.0,4.0,4.0,2.0
6406,1.0,4.0,3.0,2.0,2.0,3.0,3.0,2.0,2.0
6407,1.0,4.0,3.0,2.0,2.0,3.0,2.0,2.0,2.0
6408,1.0,4.0,3.0,2.0,2.0,3.0,3.0,3.0,2.0
6409,1.0,6.0,3.0,2.0,1.0,3.0,3.0,2.0,2.0
6410,1.0,7.0,3.0,2.0,2.0,3.0,3.0,2.0,2.0
6411,1.0,7.0,3.0,2.0,3.0,3.0,2.0,3.0,2.0
6412,1.0,8.0,3.0,2.0,3.0,3.0,2.0,3.0,2.0
6413,1.0,8.0,3.0,2.0,3.0,3.0,2.0,3.0,2.0
6414,1.0,10.0,3.0,3.0,3.0,3.0,2.0,3.0,2.0
6415,1.0,10.0,1.0,2.0,2.0,3.0,2.0,2.0,2.0
6416,2.0,3.0,3.0,2.0,2.0,3.0,3.0,2.0,2.0
6417,2.0,3.0,3.0,2.0,2.0,3.0,4.0,4.0,2.0
6418,2.0,3.0,4.0,2.0,3.0,3.0,3.0,3.0,2.0
6419,2.0,4.0,3.0,2.0,2.0,3.0,3.0,2.0,2.0
6420,2.0,5.0,3.0,2.0,2.0,3.0,3.0,3.0,2.0
6421,2.0,4.0,4.0,3.0,3.0,3.0,2.0,3.0,2.0
6422,2.0,7.0,3.0,2.0,3.0,3.0,3.0,4.0,2.0
6423,2.0,6.0,3.0,2.0,2.0,3.0,2.0,2.0,2.0
6424,2.0,9.0,3.0,2.0,2.0,3.0,3.0,1.0,2.0
6425,2.0,8.0,3.0,1.0,3.0,3.0,3.0,3.0,2.0
6426,2.0,10.0,2.0,2.0,3.0,2.0,3.0,3.0,2.0
6427,2.0,10.0,1.0,2.0,3.0,3.0,2.0,2.0,2.0
6428,2.0,10.0,1.0,2.0,1.0,3.0,2.0,1.0,1.0
6429,1.0,3.0,4.0,2.0,3.0,3.0,3.0,3.0,2.0
6430,1.0,3.0,4.0,,3.0,3.0,2.0,3.0,2.0
6431,1.0,3.0,4.0,1.0,2.0,3.0,1.0,2.0,2.0
6432,1.0,2.0,4.0,,2.0,3.0,2.0,3.0,
6433,1.0,2.0,3.0,1.0,3.0,3.0,3.0,1.0,
6434,1.0,4.0,3.0,2.0,3.0,3.0,3.0,3.0,2.0
6435,1.0,4.0,4.0,,2.0,3.0,2.0,3.0,2.0
6436,1.0,5.0,3.0,2.0,2.0,3.0,2.0,3.0,2.0
6437,1.0,5.0,4.0,3.0,2.0,3.0,3.0,4.0,2.0
6438,1.0,6.0,4.0,,3.0,2.0,2.0,3.0,1.0
6439,1.0,6.0,2.0,1.0,2.0,2.0,3.0,2.0,2.0
6440,1.0,7.0,3.0,1.0,3.0,3.0,2.0,3.0,2.0
6441,1.0,6.0,4.0,1.0,1.0,3.0,2.0,2.0,2.0
6442,1.0,8.0,3.0,1.0,2.0,3.0,2.0,1.0,2.0
6443,1.0,8.0,3.0,3.0,3.0,3.0,2.0,3.0,2.0
6444,1.0,10.0,3.0,1.0,3.0,2.0,3.0,3.0,2.0
6445,1.0,10.0,2.0,1.0,4.0,3.0,3.0,2.0,2.0
6446,1.0,10.0,3.0,1.0,4.0,2.0,4.0,4.0,2.0
6447,2.0,2.0,4.0,5.0,3.0,3.0,3.0,4.0,2.0
6448,2.0,3.0,3.0,3.0,2.0,3.0,3.0,3.0,2.0
6449,2.0,3.0,3.0,2.0,2.0,3.0,3.0,2.0,1.0
6450,2.0,2.0,3.0,2.0,3.0,2.0,3.0,1.0,2.0
6451,2.0,3.0,4.0,2.0,2.0,2.0,3.0,3.0,2.0
6452,2.0,5.0,4.0,,3.0,3.0,4.0,2.0,2.0
6453,2.0,4.0,4.0,,2.0,3.0,2.0,2.0,1.0
6454,2.0,5.0,3.0,2.0,2.0,3.0,1.0,4.0,2.0
6455,2.0,5.0,3.0,3.0,3.0,2.0,4.0,3.0,2.0
6456,2.0,6.0,3.0,1.0,2.0,3.0,2.0,3.0,2.0
6457,2.0,6.0,3.0,1.0,2.0,3.0,1.0,1.0,2.0
6458,2.0,6.0,3.0,3.0,2.0,2.0,3.0,3.0,2.0
6459,2.0,9.0,3.0,5.0,3.0,3.0,3.0,2.0,2.0
6460,2.0,7.0,3.0,2.0,1.0,2.0,3.0,2.0,2.0
6461,2.0,10.0,2.0,1.0,3.0,3.0,2.0,2.0,2.0
6462,2.0,10.0,3.0,,2.0,3.0,1.0,1.0,2.0
6463,2.0,12.0,2.0,,2.0,3.0,2.0,1.0,2.0
6464,1.0,2.0,4.0,,1.0,2.0,3.0,3.0,1.0
6465,1.0,3.0,4.0,,2.0,3.0,2.0,3.0,1.0
6466,1.0,2.0,4.0,,3.0,4.0,2.0,3.0,2.0
6467,1.0,2.0,4.0,1.0,2.0,3.0,3.0,2.0,1.0
6468,1.0,5.0,4.0,2.0,3.0,2.0,2.0,3.0,2.0
6469,1.0,4.0,3.0,1.0,4.0,3.0,2.0,4.0,1.0
6470,1.0,4.0,4.0,1.0,3.0,2.0,3.0,2.0,1.0
6471,1.0,4.0,4.0,1.0,3.0,2.0,2.0,4.0,2.0
6472,1.0,7.0,4.0,2.0,3.0,2.0,2.0,4.0,2.0
6473,1.0,7.0,3.0,3.0,2.0,2.0,3.0,2.0,2.0
6474,1.0,6.0,3.0,1.0,3.0,3.0,2.0,3.0,1.0
6475,1.0,7.0,3.0,4.0,3.0,2.0,1.0,3.0,2.0
6476,1.0,9.0,3.0,3.0,3.0,3.0,2.0,2.0,2.0
6477,1.0,9.0,3.0,,2.0,3.0,1.0,2.0,2.0
6478,1.0,10.0,3.0,,2.0,3.0,2.0,2.0,2.0
6479,1.0,10.0,2.0,1.0,3.0,3.0,3.0,3.0,2.0
6480,1.0,12.0,2.0,,4.0,4.0,1.0,1.0,1.0
6481,2.0,3.0,3.0,3.0,3.0,3.0,2.0,2.0,1.0
6482,2.0,3.0,4.0,1.0,3.0,2.0,3.0,3.0,2.0
6483,2.0,3.0,3.0,,1.0,2.0,2.0,3.0,2.0
6484,2.0,3.0,3.0,1.0,3.0,2.0,3.0,2.0,1.0
6485,2.0,5.0,3.0,,2.0,2.0,2.0,2.0,2.0
6486,2.0,5.0,2.0,,2.0,2.0,2.0,1.0,2.0
6487,2.0,4.0,4.0,,3.0,3.0,3.0,3.0,2.0
6488,2.0,4.0,3.0,3.0,2.0,1.0,4.0,4.0,2.0
6489,2.0,6.0,3.0,,3.0,3.0,3.0,2.0,2.0
6490,2.0,6.0,3.0,,2.0,3.0,2.0,1.0,1.0
6491,2.0,6.0,4.0,2.0,3.0,3.0,3.0,2.0,2.0
6492,2.0,8.0,2.0,1.0,2.0,2.0,2.0,2.0,2.0
6493,2.0,9.0,3.0,1.0,3.0,3.0,2.0,3.0,2.0
6494,2.0,10.0,1.0,,2.0,4.0,2.0,2.0,2.0
6495,2.0,10.0,3.0,1.0,2.0,2.0,3.0,1.0,2.0
6496,2.0,11.0,2.0,,2.0,2.0,3.0,4.0,2.0
6497,1.0,3.0,3.0,,2.0,2.0,3.0,2.0,2.0
6498,1.0,2.0,4.0,,3.0,3.0,2.0,3.0,1.0
6499,1.0,3.0,3.0,3.0,2.0,2.0,2.0,2.0,2.0
6500,1.0,3.0,4.0,2.0,3.0,2.0,3.0,4.0,2.0
6501,1.0,5.0,3.0,,2.0,2.0,2.0,3.0,2.0
6502,1.0,5.0,3.0,2.0,4.0,2.0,3.0,3.0,2.0
6503,1.0,4.0,4.0,1.0,4.0,3.0,3.0,3.0,2.0
6504,1.0,5.0,3.0,1.0,2.0,2.0,2.0,3.0,2.0
6505,1.0,6.0,3.0,,2.0,2.0,4.0,3.0,2.0
6506,1.0,6.0,4.0,,2.0,2.0,4.0,3.0,2.0
6507,1.0,7.0,2.0,1.0,4.0,2.0,3.0,2.0,1.0
6508,1.0,6.0,3.0,,2.0,2.0,3.0,3.0,1.0
6509,1.0,8.0,3.0,,2.0,3.0,3.0,2.0,2.0
6510,1.0,8.0,3.0,,2.0,2.0,2.0,3.0,2.0
6511,1.0,10.0,4.0,,3.0,2.0,3.0,3.0,2.0
6512,2.0,2.0,4.0,,3.0,3.0,3.0,4.0,2.0
6513,2.0,3.0,4.0,1.0,2.0,2.0,3.0,2.0,2.0
6514,2.0,2.0,4.0,,3.0,2.0,3.0,2.0,2.0
6515,2.0,3.0,4.0,4.0,3.0,3.0,3.0,4.0,2.0
6516,2.0,5.0,3.0,1.0,2.0,2.0,4.0,3.0,2.0
6517,2.0,4.0,4.0,,1.0,2.0,3.0,3.0,1.0
6518,2.0,5.0,3.0,2.0,3.0,3.0,2.0,3.0,1.0
6519,2.0,5.0,3.0,,3.0,3.0,4.0,4.0,2.0
6520,2.0,7.0,4.0,5.0,1.0,2.0,4.0,1.0,2.0
6521,2.0,6.0,3.0,2.0,2.0,2.0,3.0,2.0,2.0
6522,2.0,6.0,3.0,2.0,3.0,3.0,2.0,2.0,2.0
6523,2.0,6.0,3.0,3.0,1.0,1.0,3.0,3.0,1.0
6524,2.0,8.0,3.0,2.0,2.0,3.0,3.0,2.0,2.0
6525,2.0,8.0,3.0,,2.0,2.0,3.0,3.0,2.0
6526,2.0,10.0,2.0,1.0,3.0,3.0,2.0,2.0,2.0
6527,2.0,12.0,1.0,,1.0,2.0,3.0,3.0,2.0
6528,1.0,2.0,3.0,,1.0,2.0,2.0,3.0,1.0
6529,1.0,2.0,4.0,3.0,3.0,2.0,3.0,3.0,2.0
6530,1.0,4.0,4.0,,2.0,2.0,3.0,3.0,2.0
6531,1.0,5.0,4.0,2.0,2.0,3.0,2.0,4.0,2.0
6532,1.0,6.0,3.0,3.0,3.0,3.0,2.0,3.0,2.0
6533,1.0,6.0,4.0,3.0,4.0,1.0,2.0,3.0,2.0
6534,1.0,9.0,2.0,1.0,2.0,2.0,4.0,3.0,2.0
6535,1.0,10.0,1.0,1.0,2.0,2.0,2.0,2.0,2.0
6536,1.0,12.0,3.0,1.0,1.0,2.0,1.0,3.0,2.0
6537,2.0,2.0,4.0,,2.0,2.0,2.0,3.0,2.0
6538,2.0,5.0,4.0,,2.0,2.0,3.0,3.0,2.0
6539,2.0,4.0,3.0,,3.0,2.0,4.0,2.0,2.0
6540,2.0,6.0,3.0,,2.0,2.0,1.0,2.0,2.0
6541,2.0,9.0,3.0,,4.0,3.0,3.0,3.0,2.0
6542,2.0,10.0,1.0,,2.0,2.0,2.0,3.0,2.0
6543,2.0,10.0,1.0,,2.0,3.0,4.0,1.0,2.0
6544,2.0,11.0,1.0,1.0,2.0,2.0,2.0,2.0,2.0
6545,1.0,3.0,4.0,,2.0,3.0,4.0,2.0,
6546,1.0,3.0,3.0,,3.0,2.0,4.0,2.0,2.0
6547,1.0,2.0,4.0,3.0,3.0,3.0,4.0,2.0,1.0
6548,1.0,3.0,3.0,1.0,2.0,3.0,4.0,3.0,1.0
6549,1.0,4.0,3.0,,3.0,3.0,4.0,2.0,2.0
6550,1.0,4.0,3.0,,3.0,3.0,3.0,2.0,2.0
6551,1.0,4.0,3.0,,3.0,3.0,3.0,2.0,2.0
6552,1.0,4.0,3.0,2.0,1.0,2.0,3.0,3.0,1.0
6553,1.0,5.0,3.0,1.0,1.0,3.0,4.0,3.0,1.0
6554,1.0,6.0,3.0,,3.0,3.0,2.0,3.0,2.0
6555,1.0,6.0,3.0,,4.0,2.0,3.0,4.0,1.0
6556,1.0,6.0,4.0,1.0,2.0,2.0,3.0,3.0,2.0
6557,1.0,9.0,3.0,,3.0,3.0,3.0,3.0,2.0
6558,1.0,9.0,3.0,,3.0,2.0,2.0,2.0,2.0
6559,1.0,10.0,3.0,,3.0,,3.0,4.0,2.0
6560,1.0,10.0,4.0,1.0,1.0,3.0,4.0,3.0,2.0
6561,1.0,11.0,2.0,,2.0,2.0,3.0,2.0,2.0
6562,2.0,2.0,3.0,,2.0,3.0,3.0,3.0,1.0
6563,2.0,2.0,4.0,3.0,3.0,3.0,3.0,3.0,1.0
6564,2.0,2.0,4.0,,3.0,3.0,3.0,2.0,1.0
6565,2.0,3.0,3.0,1.0,2.0,2.0,2.0,3.0,2.0
6566,2.0,4.0,4.0,,3.0,3.0,4.0,2.0,2.0
6567,2.0,5.0,3.0,,2.0,3.0,3.0,1.0,2.0
6568,2.0,4.0,3.0,,3.0,3.0,3.0,3.0,1.0
6569,2.0,5.0,3.0,1.0,3.0,2.0,2.0,2.0,2.0
6570,2.0,4.0,3.0,2.0,2.0,2.0,4.0,2.0,1.0
6571,2.0,6.0,4.0,,2.0,3.0,3.0,2.0,2.0
6572,2.0,6.0,3.0,,3.0,3.0,3.0,2.0,2.0
6573,2.0,7.0,3.0,2.0,1.0,3.0,4.0,3.0,2.0
6574,2.0,8.0,3.0,,3.0,3.0,3.0,2.0,2.0
6575,2.0,8.0,3.0,1.0,3.0,3.0,2.0,3.0,2.0
6576,2.0,10.0,1.0,,3.0,2.0,2.0,1.0,2.0
6577,2.0,10.0,2.0,2.0,1.0,2.0,4.0,2.0,2.0
6578,2.0,11.0,2.0,1.0,1.0,3.0,2.0,3.0,1.0
6579,1.0,2.0,4.0,,3.0,2.0,3.0,3.0,2.0
6580,1.0,3.0,3.0,1.0,2.0,3.0,1.0,4.0,2.0
6581,1.0,5.0,3.0,,3.0,2.0,4.0,3.0,2.0
6582,1.0,5.0,3.0,2.0,1.0,3.0,4.0,3.0,1.0
6583,1.0,6.0,3.0,1.0,2.0,3.0,3.0,3.0,1.0
6584,1.0,7.0,4.0,2.0,3.0,2.0,3.0,2.0,1.0
6585,1.0,6.0,3.0,1.0,2.0,3.0,4.0,2.0,2.0
6586,1.0,8.0,3.0,,4.0,3.0,4.0,3.0,2.0
6587,1.0,8.0,3.0,2.0,3.0,2.0,4.0,4.0,2.0
6588,1.0,10.0,2.0,1.0,2.0,2.0,4.0,2.0,2.0
6589,1.0,10.0,3.0,1.0,3.0,3.0,3.0,3.0,2.0
6590,1.0,10.0,2.0,,3.0,3.0,3.0,3.0,2.0
6591,2.0,2.0,4.0,3.0,3.0,2.0,3.0,3.0,
6592,2.0,2.0,4.0,2.0,3.0,2.0,3.0,2.0,
6593,2.0,4.0,3.0,2.0,3.0,3.0,3.0,3.0,2.0
6594,2.0,4.0,4.0,3.0,1.0,3.0,3.0,3.0,1.0
6595,2.0,7.0,3.0,4.0,3.0,3.0,3.0,3.0,2.0
6596,2.0,7.0,2.0,1.0,1.0,2.0,3.0,3.0,1.0
6597,2.0,9.0,3.0,1.0,2.0,3.0,3.0,3.0,2.0
6598,2.0,9.0,2.0,1.0,1.0,3.0,3.0,3.0,2.0
6599,2.0,10.0,2.0,1.0,2.0,3.0,4.0,2.0,2.0
6600,2.0,10.0,4.0,1.0,2.0,2.0,3.0,2.0,2.0
6601,2.0,12.0,2.0,1.0,2.0,3.0,4.0,3.0,2.0
6602,2.0,11.0,1.0,1.0,1.0,3.0,4.0,3.0,2.0
6603,1.0,2.0,4.0,3.0,2.0,3.0,4.0,4.0,2.0
6604,1.0,3.0,3.0,2.0,2.0,3.0,1.0,4.0,2.0
6605,1.0,2.0,4.0,,1.0,3.0,3.0,3.0,1.0
6606,1.0,3.0,4.0,,2.0,3.0,3.0,3.0,1.0
6607,1.0,2.0,4.0,3.0,3.0,3.0,3.0,4.0,2.0
6608,1.0,3.0,3.0,1.0,2.0,2.0,3.0,3.0,1.0
6609,1.0,4.0,3.0,1.0,4.0,3.0,2.0,4.0,2.0
6610,1.0,5.0,3.0,2.0,3.0,4.0,4.0,3.0,1.0
6611,1.0,5.0,4.0,,3.0,3.0,2.0,4.0,2.0
6612,1.0,5.0,4.0,2.0,3.0,3.0,2.0,2.0,2.0
6613,1.0,5.0,4.0,1.0,3.0,3.0,2.0,3.0,2.0
6614,1.0,5.0,4.0,2.0,3.0,3.0,2.0,3.0,2.0
6615,1.0,6.0,4.0,3.0,3.0,2.0,2.0,2.0,2.0
6616,1.0,7.0,3.0,2.0,2.0,3.0,3.0,3.0,2.0
6617,1.0,7.0,4.0,2.0,3.0,3.0,2.0,3.0,2.0
6618,1.0,7.0,3.0,1.0,3.0,3.0,2.0,2.0,2.0
6619,1.0,6.0,4.0,2.0,2.0,3.0,4.0,3.0,2.0
6620,1.0,9.0,3.0,2.0,3.0,3.0,3.0,3.0,2.0
6621,1.0,9.0,3.0,,3.0,3.0,3.0,2.0,2.0
6622,1.0,8.0,3.0,3.0,3.0,3.0,1.0,3.0,2.0
6623,1.0,10.0,2.0,2.0,3.0,3.0,2.0,2.0,2.0
6624,1.0,10.0,3.0,2.0,4.0,2.0,3.0,2.0,2.0
6625,1.0,11.0,2.0,2.0,2.0,3.0,3.0,3.0,2.0
6626,2.0,3.0,4.0,3.0,2.0,2.0,2.0,3.0,2.0
6627,2.0,2.0,3.0,3.0,2.0,3.0,2.0,4.0,2.0
6628,2.0,2.0,4.0,3.0,2.0,4.0,2.0,3.0,2.0
6629,2.0,3.0,3.0,,2.0,3.0,3.0,2.0,2.0
6630,2.0,2.0,3.0,3.0,3.0,2.0,2.0,3.0,2.0
6631,2.0,4.0,3.0,1.0,2.0,2.0,2.0,2.0,2.0
6632,2.0,5.0,3.0,1.0,2.0,3.0,1.0,3.0,2.0
6633,2.0,5.0,3.0,,3.0,3.0,3.0,3.0,2.0
6634,2.0,4.0,3.0,3.0,3.0,3.0,2.0,2.0,2.0
6635,2.0,4.0,3.0,,3.0,3.0,2.0,2.0,2.0
6636,2.0,5.0,4.0,2.0,2.0,3.0,3.0,2.0,2.0
6637,2.0,7.0,3.0,2.0,2.0,3.0,3.0,3.0,2.0
6638,2.0,7.0,4.0,3.0,2.0,3.0,3.0,3.0,2.0
6639,2.0,7.0,3.0,2.0,2.0,3.0,2.0,2.0,2.0
6640,2.0,6.0,3.0,2.0,2.0,2.0,2.0,2.0,2.0
6641,2.0,7.0,3.0,,3.0,2.0,3.0,2.0,2.0
6642,2.0,9.0,2.0,2.0,2.0,3.0,2.0,2.0,2.0
6643,2.0,8.0,4.0,2.0,2.0,4.0,3.0,3.0,2.0
6644,2.0,9.0,3.0,,3.0,3.0,2.0,3.0,2.0
6645,2.0,10.0,3.0,,3.0,3.0,4.0,3.0,2.0
6646,2.0,10.0,2.0,1.0,3.0,3.0,1.0,3.0,2.0
6647,2.0,10.0,1.0,1.0,1.0,3.0,3.0,3.0,2.0
6648,2.0,12.0,1.0,3.0,2.0,2.0,4.0,2.0,2.0
6649,2.0,12.0,2.0,,3.0,3.0,1.0,1.0,2.0
6650,2.0,12.0,1.0,1.0,2.0,2.0,1.0,2.0,2.0
6651,1.0,3.0,4.0,2.0,3.0,1.0,4.0,4.0,1.0
6652,1.0,5.0,4.0,2.0,3.0,3.0,4.0,2.0,2.0
6653,1.0,6.0,3.0,1.0,3.0,3.0,2.0,3.0,2.0
6654,1.0,9.0,2.0,1.0,3.0,3.0,2.0,3.0,2.0
6655,1.0,10.0,2.0,,3.0,3.0,2.0,2.0,2.0
6656,1.0,11.0,3.0,2.0,3.0,3.0,2.0,3.0,2.0
6657,2.0,2.0,3.0,,3.0,3.0,2.0,2.0,2.0
6658,2.0,5.0,3.0,2.0,2.0,3.0,2.0,2.0,2.0
6659,2.0,6.0,3.0,,2.0,3.0,3.0,3.0,2.0
6660,2.0,8.0,3.0,1.0,3.0,2.0,3.0,2.0,2.0
6661,2.0,10.0,2.0,2.0,2.0,3.0,3.0,4.0,2.0
6662,2.0,12.0,2.0,1.0,3.0,3.0,3.0,4.0,2.0
6663,1.0,2.0,4.0,,3.0,3.0,3.0,2.0,2.0
6664,1.0,2.0,4.0,2.0,3.0,3.0,2.0,3.0,2.0
6665,1.0,3.0,3.0,1.0,3.0,3.0,2.0,3.0,2.0
6666,1.0,2.0,4.0,2.0,2.0,2.0,3.0,2.0,2.0
6667,1.0,5.0,4.0,3.0,3.0,3.0,3.0,2.0,2.0
6668,1.0,5.0,3.0,2.0,3.0,3.0,3.0,3.0,2.0
6669,1.0,4.0,3.0,1.0,3.0,3.0,2.0,2.0,2.0
6670,1.0,5.0,3.0,,3.0,3.0,2.0,2.0,2.0
6671,1.0,4.0,4.0,2.0,2.0,3.0,2.0,2.0,2.0
6672,1.0,6.0,3.0,2.0,3.0,3.0,3.0,3.0,2.0
6673,1.0,7.0,3.0,2.0,2.0,3.0,2.0,2.0,2.0
6674,1.0,7.0,3.0,2.0,3.0,3.0,2.0,2.0,2.0
6675,1.0,9.0,3.0,2.0,3.0,3.0,2.0,3.0,2.0
6676,1.0,9.0,2.0,2.0,4.0,3.0,3.0,2.0,2.0
6677,1.0,10.0,2.0,1.0,3.0,3.0,2.0,3.0,2.0
6678,1.0,12.0,2.0,,3.0,3.0,1.0,1.0,2.0
6679,2.0,2.0,4.0,2.0,3.0,3.0,3.0,2.0,2.0
6680,2.0,3.0,3.0,2.0,3.0,3.0,2.0,2.0,1.0
6681,2.0,3.0,3.0,2.0,3.0,3.0,2.0,2.0,2.0
6682,2.0,5.0,3.0,,3.0,3.0,2.0,2.0,2.0
6683,2.0,5.0,3.0,2.0,3.0,3.0,2.0,2.0,2.0
6684,2.0,5.0,4.0,2.0,3.0,3.0,1.0,3.0,2.0
6685,2.0,5.0,3.0,2.0,3.0,2.0,3.0,2.0,2.0
6686,2.0,5.0,3.0,2.0,3.0,3.0,2.0,2.0,2.0
6687,2.0,7.0,3.0,2.0,2.0,3.0,2.0,2.0,2.0
6688,2.0,6.0,3.0,2.0,3.0,3.0,3.0,2.0,2.0
6689,2.0,6.0,3.0,2.0,3.0,3.0,2.0,2.0,2.0
6690,2.0,9.0,2.0,1.0,3.0,3.0,2.0,3.0,2.0
6691,2.0,9.0,2.0,1.0,3.0,3.0,2.0,2.0,2.0
6692,2.0,10.0,2.0,2.0,3.0,3.0,2.0,3.0,2.0
6693,2.0,10.0,2.0,1.0,3.0,3.0,2.0,2.0,2.0
6694,2.0,10.0,2.0,,4.0,4.0,1.0,2.0,2.0
6695,1.0,2.0,4.0,2.0,3.0,3.0,2.0,2.0,
6696,1.0,2.0,4.0,2.0,3.0,3.0,3.0,2.0,
6697,1.0,2.0,4.0,2.0,3.0,3.0,2.0,2.0,2.0
6698,1.0,4.0,3.0,1.0,3.0,3.0,2.0,2.0,2.0
6699,1.0,5.0,3.0,2.0,3.0,3.0,2.0,2.0,2.0
6700,1.0,4.0,3.0,2.0,4.0,3.0,3.0,3.0,2.0
6701,1.0,4.0,3.0,2.0,3.0,3.0,2.0,2.0,2.0
6702,1.0,6.0,3.0,1.0,3.0,3.0,3.0,2.0,2.0
6703,1.0,6.0,4.0,2.0,3.0,3.0,2.0,2.0,2.0
6704,1.0,8.0,2.0,1.0,4.0,3.0,3.0,3.0,2.0
6705,1.0,8.0,3.0,1.0,3.0,3.0,2.0,2.0,2.0
6706,1.0,9.0,3.0,2.0,3.0,3.0,2.0,2.0,2.0
6707,1.0,10.0,2.0,1.0,3.0,3.0,3.0,3.0,2.0
6708,1.0,10.0,3.0,1.0,3.0,3.0,3.0,2.0,2.0
6709,1.0,10.0,3.0,2.0,3.0,3.0,2.0,2.0,2.0
6710,1.0,11.0,2.0,1.0,2.0,3.0,3.0,2.0,2.0
6711,2.0,2.0,3.0,2.0,3.0,3.0,2.0,2.0,
6712,2.0,3.0,3.0,1.0,3.0,3.0,3.0,2.0,2.0
6713,2.0,5.0,3.0,2.0,3.0,3.0,2.0,3.0,2.0
6714,2.0,4.0,3.0,1.0,3.0,3.0,2.0,2.0,2.0
6715,2.0,7.0,3.0,1.0,3.0,3.0,2.0,3.0,2.0
6716,2.0,7.0,3.0,1.0,3.0,3.0,3.0,2.0,2.0
6717,2.0,8.0,3.0,2.0,3.0,3.0,2.0,3.0,2.0
6718,2.0,8.0,2.0,1.0,3.0,2.0,2.0,3.0,2.0
6719,2.0,8.0,2.0,2.0,3.0,3.0,3.0,3.0,2.0
6720,2.0,10.0,2.0,1.0,3.0,3.0,3.0,3.0,2.0
6721,2.0,10.0,2.0,1.0,3.0,3.0,2.0,3.0,2.0
6722,2.0,10.0,2.0,1.0,3.0,3.0,3.0,2.0,2.0
6723,2.0,10.0,2.0,1.0,3.0,3.0,2.0,2.0,2.0
6724,2.0,11.0,2.0,1.0,3.0,3.0,3.0,2.0,2.0
6725,2.0,12.0,2.0,2.0,3.0,3.0,2.0,3.0,2.0
6726,2.0,10.0,2.0,,3.0,3.0,2.0,2.0,2.0
6727,1.0,2.0,2.0,2.0,2.0,2.0,3.0,2.0,1.0
6728,1.0,3.0,4.0,1.0,2.0,3.0,2.0,2.0,2.0
6729,1.0,3.0,4.0,1.0,3.0,2.0,3.0,4.0,1.0
6730,1.0,3.0,4.0,2.0,1.0,3.0,2.0,3.0,1.0
6731,1.0,2.0,4.0,,3.0,3.0,2.0,4.0,2.0
6732,1.0,2.0,4.0,,3.0,3.0,4.0,3.0,1.0
6733,1.0,2.0,3.0,,1.0,3.0,3.0,3.0,
6734,1.0,2.0,4.0,2.0,3.0,2.0,3.0,3.0,1.0
6735,1.0,3.0,4.0,3.0,3.0,2.0,3.0,3.0,1.0
6736,1.0,4.0,3.0,,2.0,3.0,3.0,2.0,2.0
6737,1.0,4.0,3.0,,3.0,2.0,2.0,4.0,2.0
6738,1.0,4.0,4.0,,2.0,3.0,2.0,3.0,1.0
6739,1.0,5.0,3.0,1.0,3.0,3.0,2.0,3.0,2.0
6740,1.0,4.0,3.0,1.0,3.0,3.0,2.0,2.0,1.0
6741,1.0,5.0,4.0,2.0,4.0,2.0,3.0,4.0,2.0
6742,1.0,4.0,3.0,,3.0,3.0,2.0,3.0,2.0
6743,1.0,4.0,4.0,2.0,3.0,2.0,2.0,3.0,2.0
6744,1.0,4.0,4.0,5.0,2.0,3.0,2.0,3.0,1.0
6745,1.0,6.0,4.0,3.0,3.0,3.0,2.0,2.0,2.0
6746,1.0,6.0,4.0,,4.0,2.0,2.0,3.0,2.0
6747,1.0,6.0,4.0,,3.0,3.0,2.0,3.0,2.0
6748,1.0,6.0,3.0,2.0,3.0,1.0,2.0,2.0,2.0
6749,1.0,6.0,3.0,,2.0,3.0,2.0,2.0,2.0
6750,1.0,6.0,3.0,,3.0,2.0,3.0,3.0,2.0
6751,1.0,7.0,4.0,3.0,3.0,3.0,2.0,4.0,2.0
6752,1.0,8.0,3.0,1.0,3.0,2.0,3.0,3.0,2.0
6753,1.0,9.0,3.0,1.0,2.0,3.0,3.0,3.0,2.0
6754,1.0,9.0,3.0,,1.0,4.0,2.0,3.0,2.0
6755,1.0,9.0,4.0,4.0,4.0,2.0,2.0,3.0,2.0
6756,1.0,10.0,3.0,,3.0,3.0,3.0,2.0,2.0
6757,1.0,10.0,2.0,,1.0,3.0,2.0,3.0,2.0
6758,1.0,10.0,3.0,,2.0,3.0,3.0,3.0,2.0
6759,1.0,11.0,3.0,,3.0,2.0,2.0,3.0,2.0
6760,1.0,10.0,3.0,,2.0,2.0,2.0,2.0,2.0
6761,2.0,3.0,4.0,,2.0,3.0,2.0,4.0,2.0
6762,2.0,3.0,4.0,2.0,2.0,3.0,3.0,2.0,2.0
6763,2.0,3.0,3.0,4.0,1.0,2.0,2.0,1.0,2.0
6764,2.0,3.0,3.0,2.0,2.0,3.0,3.0,2.0,1.0
6765,2.0,3.0,3.0,,3.0,3.0,2.0,3.0,1.0
6766,2.0,3.0,3.0,1.0,2.0,3.0,3.0,2.0,2.0
6767,2.0,3.0,3.0,,2.0,3.0,3.0,2.0,2.0
6768,2.0,3.0,4.0,1.0,1.0,2.0,4.0,3.0,1.0
6769,2.0,4.0,4.0,,2.0,2.0,3.0,2.0,2.0
6770,2.0,4.0,4.0,4.0,2.0,3.0,3.0,3.0,2.0
6771,2.0,5.0,3.0,3.0,3.0,3.0,3.0,3.0,2.0
6772,2.0,4.0,3.0,,3.0,3.0,3.0,3.0,2.0
6773,2.0,4.0,4.0,,2.0,3.0,3.0,2.0,1.0
6774,2.0,5.0,3.0,5.0,4.0,2.0,2.0,3.0,2.0
6775,2.0,5.0,3.0,3.0,3.0,2.0,2.0,3.0,2.0
6776,2.0,4.0,4.0,,2.0,2.0,3.0,3.0,2.0
6777,2.0,4.0,3.0,,3.0,3.0,2.0,2.0,2.0
6778,2.0,6.0,4.0,3.0,1.0,2.0,3.0,2.0,2.0
6779,2.0,6.0,3.0,,3.0,3.0,2.0,1.0,2.0
6780,2.0,6.0,3.0,,1.0,3.0,2.0,3.0,2.0
6781,2.0,6.0,3.0,2.0,3.0,3.0,3.0,3.0,2.0
6782,2.0,6.0,3.0,,2.0,3.0,2.0,2.0,2.0
6783,2.0,6.0,3.0,,2.0,3.0,3.0,3.0,2.0
6784,2.0,9.0,2.0,,2.0,3.0,3.0,2.0,2.0
6785,2.0,8.0,3.0,,1.0,3.0,2.0,2.0,2.0
6786,2.0,8.0,3.0,,2.0,3.0,3.0,2.0,2.0
6787,2.0,9.0,3.0,,1.0,2.0,3.0,2.0,2.0
6788,2.0,10.0,3.0,,2.0,3.0,3.0,4.0,2.0
6789,2.0,10.0,2.0,,1.0,3.0,2.0,3.0,2.0
6790,2.0,10.0,2.0,1.0,2.0,3.0,3.0,4.0,2.0
6791,2.0,10.0,2.0,1.0,2.0,3.0,2.0,3.0,2.0
6792,2.0,11.0,2.0,,1.0,3.0,3.0,1.0,1.0
6793,2.0,11.0,1.0,1.0,2.0,,2.0,2.0,1.0
6794,2.0,12.0,1.0,,1.0,3.0,2.0,1.0,2.0
6795,2.0,11.0,2.0,,1.0,3.0,2.0,3.0,2.0
6796,1.0,2.0,4.0,1.0,3.0,2.0,3.0,4.0,2.0
6797,1.0,2.0,4.0,1.0,2.0,3.0,2.0,3.0,
6798,1.0,5.0,4.0,1.0,3.0,2.0,3.0,3.0,2.0
6799,1.0,5.0,4.0,4.0,3.0,2.0,2.0,3.0,2.0
6800,1.0,7.0,3.0,1.0,3.0,2.0,2.0,2.0,2.0
6801,1.0,7.0,4.0,2.0,3.0,2.0,3.0,3.0,2.0
6802,1.0,8.0,3.0,1.0,3.0,3.0,2.0,3.0,2.0
6803,1.0,9.0,3.0,1.0,3.0,2.0,4.0,3.0,2.0
6804,1.0,10.0,2.0,1.0,3.0,3.0,2.0,2.0,2.0
6805,1.0,10.0,3.0,2.0,2.0,2.0,3.0,1.0,2.0
6806,1.0,10.0,2.0,1.0,1.0,3.0,2.0,1.0,2.0
6807,2.0,2.0,4.0,2.0,2.0,2.0,4.0,2.0,2.0
6808,2.0,5.0,4.0,2.0,2.0,2.0,2.0,2.0,2.0
6809,2.0,5.0,3.0,1.0,2.0,3.0,2.0,3.0,2.0
6810,2.0,6.0,3.0,1.0,2.0,3.0,2.0,1.0,1.0
6811,2.0,6.0,3.0,1.0,3.0,2.0,3.0,3.0,2.0
6812,2.0,9.0,2.0,1.0,2.0,3.0,2.0,1.0,2.0
6813,2.0,8.0,3.0,2.0,3.0,2.0,2.0,1.0,2.0
6814,2.0,10.0,1.0,,1.0,3.0,1.0,1.0,2.0
6815,2.0,10.0,3.0,1.0,2.0,3.0,2.0,2.0,2.0
6816,2.0,11.0,2.0,1.0,2.0,2.0,2.0,4.0,2.0
6817,2.0,11.0,1.0,,2.0,3.0,2.0,1.0,2.0
6818,1.0,3.0,4.0,2.0,2.0,2.0,3.0,2.0,2.0
6819,1.0,3.0,4.0,1.0,3.0,3.0,2.0,4.0,2.0
6820,1.0,2.0,3.0,2.0,2.0,3.0,4.0,2.0,
6821,1.0,2.0,3.0,4.0,2.0,2.0,2.0,2.0,2.0
6822,1.0,3.0,3.0,2.0,2.0,3.0,3.0,3.0,2.0
6823,1.0,2.0,4.0,2.0,2.0,3.0,2.0,2.0,
6824,1.0,2.0,4.0,2.0,2.0,2.0,3.0,3.0,
6825,1.0,3.0,3.0,2.0,2.0,3.0,2.0,2.0,1.0
6826,1.0,2.0,4.0,,3.0,3.0,3.0,2.0,2.0
6827,1.0,3.0,4.0,,2.0,2.0,3.0,3.0,1.0
6828,1.0,5.0,3.0,2.0,4.0,3.0,2.0,3.0,2.0
6829,1.0,5.0,4.0,2.0,3.0,2.0,2.0,3.0,2.0
6830,1.0,5.0,4.0,,3.0,3.0,2.0,2.0,2.0
6831,1.0,4.0,4.0,2.0,2.0,2.0,3.0,3.0,1.0
6832,1.0,4.0,3.0,1.0,1.0,2.0,3.0,3.0,1.0
6833,1.0,4.0,3.0,3.0,3.0,3.0,2.0,2.0,2.0
6834,1.0,4.0,4.0,2.0,3.0,2.0,3.0,2.0,2.0
6835,1.0,4.0,4.0,,4.0,3.0,3.0,2.0,2.0
6836,1.0,4.0,3.0,,2.0,3.0,3.0,2.0,2.0
6837,1.0,4.0,3.0,,2.0,3.0,3.0,3.0,1.0
6838,1.0,6.0,4.0,2.0,2.0,3.0,2.0,2.0,2.0
6839,1.0,7.0,3.0,2.0,3.0,3.0,2.0,4.0,2.0
6840,1.0,6.0,4.0,1.0,2.0,3.0,2.0,2.0,2.0
6841,1.0,6.0,3.0,2.0,2.0,3.0,3.0,4.0,2.0
6842,1.0,6.0,3.0,2.0,3.0,3.0,2.0,3.0,2.0
6843,1.0,7.0,3.0,,3.0,3.0,3.0,2.0,2.0
6844,1.0,7.0,4.0,3.0,2.0,3.0,3.0,3.0,2.0
6845,1.0,7.0,3.0,1.0,2.0,2.0,2.0,2.0,1.0
6846,1.0,6.0,4.0,2.0,3.0,3.0,3.0,3.0,2.0
6847,1.0,6.0,2.0,1.0,3.0,3.0,3.0,3.0,2.0
6848,1.0,8.0,3.0,,3.0,3.0,3.0,3.0,2.0
6849,1.0,8.0,4.0,,3.0,3.0,3.0,2.0,2.0
6850,1.0,8.0,4.0,3.0,3.0,2.0,2.0,3.0,2.0
6851,1.0,8.0,3.0,1.0,1.0,3.0,2.0,3.0,2.0
6852,1.0,8.0,3.0,1.0,3.0,3.0,3.0,3.0,2.0
6853,1.0,10.0,3.0,,3.0,3.0,3.0,2.0,2.0
6854,1.0,10.0,3.0,3.0,4.0,2.0,3.0,3.0,2.0
6855,1.0,10.0,2.0,1.0,2.0,3.0,2.0,2.0,1.0
6856,1.0,10.0,3.0,,2.0,3.0,2.0,3.0,1.0
6857,2.0,2.0,4.0,,2.0,2.0,2.0,2.0,1.0
6858,2.0,3.0,3.0,2.0,3.0,3.0,4.0,1.0,1.0
6859,2.0,2.0,3.0,2.0,1.0,3.0,2.0,2.0,
6860,2.0,3.0,3.0,2.0,1.0,3.0,3.0,3.0,1.0
6861,2.0,2.0,3.0,1.0,2.0,3.0,3.0,2.0,1.0
6862,2.0,3.0,4.0,1.0,2.0,3.0,2.0,2.0,1.0
6863,2.0,3.0,4.0,2.0,1.0,2.0,2.0,2.0,1.0
6864,2.0,3.0,3.0,3.0,2.0,3.0,2.0,2.0,2.0
6865,2.0,3.0,4.0,3.0,2.0,4.0,2.0,2.0,2.0
6866,2.0,2.0,4.0,,3.0,2.0,3.0,3.0,
6867,2.0,4.0,3.0,2.0,2.0,2.0,2.0,2.0,2.0
6868,2.0,4.0,3.0,2.0,3.0,3.0,2.0,2.0,2.0
6869,2.0,5.0,3.0,2.0,3.0,3.0,3.0,2.0,2.0
6870,2.0,5.0,3.0,1.0,2.0,2.0,3.0,2.0,2.0
6871,2.0,5.0,4.0,3.0,2.0,2.0,3.0,2.0,2.0
6872,2.0,4.0,4.0,,3.0,4.0,2.0,2.0,2.0
6873,2.0,5.0,3.0,,3.0,3.0,3.0,2.0,2.0
6874,2.0,4.0,3.0,,2.0,3.0,4.0,2.0,1.0
6875,2.0,4.0,3.0,2.0,2.0,3.0,2.0,2.0,2.0
6876,2.0,5.0,4.0,,4.0,1.0,3.0,2.0,1.0
6877,2.0,6.0,3.0,2.0,3.0,3.0,1.0,2.0,2.0
6878,2.0,7.0,3.0,,1.0,2.0,4.0,3.0,2.0
6879,2.0,6.0,3.0,2.0,3.0,3.0,2.0,2.0,2.0
6880,2.0,6.0,3.0,3.0,2.0,2.0,3.0,3.0,2.0
6881,2.0,6.0,3.0,2.0,3.0,3.0,2.0,4.0,2.0
6882,2.0,6.0,3.0,2.0,2.0,3.0,2.0,2.0,2.0
6883,2.0,7.0,3.0,,4.0,1.0,4.0,3.0,2.0
6884,2.0,7.0,3.0,,3.0,3.0,2.0,2.0,2.0
6885,2.0,6.0,3.0,,3.0,3.0,2.0,2.0,1.0
6886,2.0,8.0,3.0,,3.0,2.0,3.0,3.0,2.0
6887,2.0,8.0,3.0,1.0,3.0,2.0,3.0,3.0,2.0
6888,2.0,8.0,4.0,2.0,2.0,3.0,2.0,2.0,2.0
6889,2.0,8.0,2.0,3.0,2.0,3.0,3.0,2.0,2.0
6890,2.0,10.0,2.0,3.0,2.0,3.0,3.0,1.0,2.0
6891,2.0,10.0,1.0,,4.0,3.0,2.0,1.0,2.0
6892,2.0,11.0,2.0,,2.0,3.0,2.0,2.0,2.0
6893,2.0,10.0,3.0,,2.0,3.0,2.0,2.0,2.0
6894,2.0,11.0,1.0,3.0,2.0,3.0,2.0,2.0,2.0
6895,2.0,12.0,2.0,3.0,3.0,3.0,2.0,2.0,2.0
6896,2.0,11.0,1.0,1.0,3.0,4.0,1.0,1.0,2.0
6897,1.0,3.0,3.0,2.0,2.0,3.0,3.0,2.0,2.0
6898,1.0,5.0,4.0,4.0,2.0,3.0,2.0,3.0,2.0
6899,1.0,6.0,3.0,1.0,4.0,3.0,4.0,3.0,2.0
6900,1.0,8.0,4.0,2.0,3.0,3.0,3.0,3.0,2.0
6901,1.0,10.0,4.0,1.0,3.0,2.0,3.0,3.0,2.0
6902,1.0,10.0,3.0,2.0,3.0,2.0,3.0,3.0,2.0
6903,1.0,10.0,2.0,1.0,3.0,2.0,4.0,3.0,2.0
6904,2.0,3.0,3.0,2.0,2.0,3.0,3.0,2.0,2.0
6905,2.0,4.0,4.0,2.0,2.0,2.0,3.0,3.0,1.0
6906,2.0,7.0,3.0,1.0,2.0,3.0,3.0,2.0,2.0
6907,2.0,9.0,2.0,1.0,1.0,2.0,3.0,3.0,1.0
6908,2.0,9.0,2.0,1.0,1.0,3.0,3.0,2.0,2.0
6909,2.0,10.0,3.0,1.0,2.0,4.0,3.0,2.0,2.0
6910,2.0,10.0,2.0,1.0,1.0,2.0,3.0,2.0,2.0
6911,2.0,12.0,1.0,,1.0,2.0,4.0,2.0,2.0
