"","q127","q098","q130","q106","q131","q005","q006","q111"
"1",2,2,2,3,2,4,3,5
"2",2,3,2,3,2,3,3,4
"3",3,2,2,3,2,3,4,5
"4",3,3,2,3,2,2,4,5
"5",2,3,2,3,2,3,2,5
"6",2,3,2,4,2,3,4,5
"7",2,3,2,4,2,2,4,5
"8",2,3,2,4,2,4,3,5
"9",2,2,3,3,3,3,2,5
"10",2,3,2,5,2,4,4,5
"11",4,1,3,2,3,1,1,1
"12",1,2,1,5,3,2,4,2
"13",2,3,2,5,2,2,4,5
"14",3,3,2,4,2,4,5,4
"15",2,3,3,3,2,4,5,4
"16",2,1,2,4,2,4,3,2
"17",1,4,3,4,1,4,4,3
"18",2,3,2,3,2,4,4,5
"19",2,3,2,3,3,4,5,5
"20",2,3,2,2,2,1,3,5
"21",2,3,2,4,2,4,3,5
"22",2,3,2,2,3,2,3,4
"23",2,3,2,4,2,2,4,5
"24",2,3,2,3,2,4,4,4
"25",2,3,2,4,2,4,4,5
"26",2,2,2,4,2,5,4,5
"27",2,3,2,5,2,4,4,4
"28",2,3,2,3,2,4,4,5
"29",3,2,2,2,2,4,4,4
"30",3,3,2,4,2,4,4,5
"31",3,3,2,4,3,4,4,5
"32",2,3,2,2,2,4,4,5
"33",4,3,2,4,2,3,2,5
"34",3,3,2,3,2,4,2,5
"35",2,3,2,3,2,4,3,5
"36",2,3,2,4,2,4,3,5
"37",3,3,2,4,2,4,4,4
"38",2,3,2,3,3,3,4,4
"39",2,3,2,1,3,2,2,4
"40",2,3,2,3,2,4,3,5
"41",2,3,2,4,2,2,4,4
"42",2,3,2,4,2,2,4,5
"43",2,3,2,4,2,4,4,5
"44",2,3,2,4,2,3,4,4
"45",2,3,2,3,1,4,3,5
"46",3,3,2,4,4,4,3,4
"47",2,2,2,4,2,3,2,5
"48",2,3,2,4,2,4,3,5
"49",3,3,2,3,2,4,4,5
"50",3,3,2,3,2,4,4,5
"51",2,3,2,3,2,2,2,4
"52",3,2,1,3,1,3,4,5
"53",2,2,2,3,2,3,3,5
"54",2,3,2,3,2,4,4,4
"55",4,2,2,4,2,3,4,5
"56",2,3,2,4,3,4,4,5
"57",2,3,2,4,2,2,2,5
"58",2,3,2,4,2,2,2,4
"59",2,3,3,1,2,2,3,5
"60",2,1,1,4,1,2,1,1
"61",2,3,2,3,2,3,4,4
"62",1,2,3,4,3,2,2,5
"63",2,3,2,4,2,4,4,4
"64",2,2,2,4,3,4,5,4
"65",3,3,2,4,2,3,4,4
"66",2,3,2,2,2,4,4,4
"67",2,2,2,2,2,4,4,4
"68",2,2,2,3,4,4,4,5
"69",3,3,2,4,2,4,3,5
"70",3,2,2,4,2,4,4,4
"71",2,3,2,5,2,4,3,5
"72",3,3,2,4,2,4,4,5
"73",2,1,3,1,3,4,4,2
"74",2,1,4,3,3,3,3,4
"75",3,4,2,3,3,2,2,4
"76",2,2,2,4,2,2,2,4
"77",2,3,2,4,3,4,3,5
"78",2,3,2,4,2,5,3,5
"79",3,3,2,4,2,4,5,4
"80",2,3,2,4,2,4,5,4
"81",2,3,2,4,2,4,3,4
"82",2,3,2,4,2,2,3,5
"83",3,3,2,4,2,2,3,4
"84",2,3,3,3,2,2,1,4
"85",3,3,2,5,4,3,3,4
"86",2,3,2,5,2,3,3,4
"87",2,3,2,4,2,4,4,5
"88",2,2,3,2,3,4,3,4
"89",2,2,2,4,2,4,3,4
"90",2,3,2,2,3,2,2,4
"91",2,4,2,4,2,3,3,5
"92",2,3,2,2,2,2,4,4
"93",2,2,2,4,3,2,4,5
"94",2,3,2,4,2,2,2,4
"95",2,3,4,5,2,4,3,4
"96",3,3,2,4,2,5,3,5
"97",2,4,1,4,2,2,2,4
"98",2,3,2,4,2,2,1,4
"99",2,4,1,5,1,5,5,5
"100",2,3,1,3,2,3,3,4
"101",2,3,2,4,2,4,4,5
"102",3,3,2,4,2,4,4,5
"103",2,3,2,4,2,4,4,4
"104",3,3,4,1,3,4,4,4
"105",2,2,3,3,2,2,4,4
"106",2,3,2,4,2,5,4,4
"107",2,3,2,4,2,4,4,5
"108",2,3,2,4,2,4,3,5
"109",2,3,2,4,2,4,4,5
"110",3,4,2,4,3,5,5,5
"111",3,3,3,3,2,5,5,5
"112",2,3,2,4,2,4,4,5
"113",3,3,2,2,4,2,5,5
"114",2,4,2,3,3,4,4,4
"115",3,3,2,3,2,5,5,5
"116",3,2,2,3,2,2,3,5
"117",2,3,2,3,2,3,4,4
"118",4,3,2,4,3,4,5,4
"119",3,3,2,4,3,3,4,4
"120",2,2,2,2,2,4,5,4
"121",1,1,3,3,3,3,2,4
"122",4,2,2,2,4,4,4,5
"123",2,2,2,2,2,3,4,5
"124",2,4,2,3,3,4,2,4
"125",1,4,1,3,2,5,5,5
"126",2,3,2,3,2,2,4,4
"127",2,3,2,3,2,4,4,4
"128",2,3,2,3,3,4,4,5
"129",3,3,2,4,2,4,4,4
"130",2,3,2,2,2,5,5,5
"131",3,4,2,4,3,4,5,4
"132",2,2,2,4,3,3,4,4
"133",2,3,2,3,1,3,4,5
"134",2,1,1,3,2,4,5,4
"135",3,4,4,4,1,2,5,4
"136",2,3,2,4,2,5,4,5
"137",3,3,3,4,2,5,2,5
"138",3,3,2,2,2,3,4,5
"139",2,2,2,4,3,4,5,5
"140",2,3,2,4,2,3,4,5
"141",2,3,2,4,2,2,4,4
"142",2,3,3,1,2,5,4,5
"143",2,4,4,4,4,2,4,5
"144",2,3,2,4,2,2,2,5
"145",2,2,2,4,2,5,4,4
"146",2,3,2,4,2,5,4,5
"147",2,3,2,4,2,4,4,5
"148",2,3,2,3,2,2,2,5
"149",1,3,4,2,2,4,2,5
"150",2,3,2,4,2,5,4,5
"151",2,3,2,4,2,5,4,5
"152",2,3,2,4,2,5,4,4
"153",2,3,2,4,2,3,4,5
"154",2,2,2,3,3,4,5,3
"155",2,3,2,3,2,4,5,5
"156",4,4,2,3,3,4,3,4
"157",2,3,2,3,2,4,4,4
"158",4,3,2,4,3,5,5,4
"159",2,4,2,4,2,4,5,3
"160",2,3,2,4,3,5,5,5
"161",2,4,1,3,2,4,5,5
"162",4,1,2,4,1,3,3,4
"163",4,2,2,3,2,3,2,5
"164",3,4,3,3,3,2,4,5
"165",2,1,1,1,2,4,4,5
"166",3,2,4,3,2,4,5,4
"167",1,2,2,4,2,2,5,4
"168",2,3,2,3,2,5,4,5
"169",3,2,2,3,3,3,3,5
"170",2,4,2,5,2,5,4,5
"171",2,3,1,4,2,4,4,5
"172",3,3,2,4,2,4,4,4
"173",2,4,1,4,2,5,4,5
"174",2,3,1,4,2,4,3,5
"175",2,4,2,4,2,4,5,4
"176",2,3,2,4,2,3,2,5
"177",2,3,2,4,2,3,5,5
"178",2,3,2,4,2,3,3,5
"179",2,3,2,3,2,4,4,5
"180",3,3,2,4,2,5,5,5
"181",2,4,2,4,2,2,4,5
"182",3,3,2,5,2,5,5,5
"183",3,2,2,4,2,5,5,5
"184",2,3,2,4,2,4,4,4
"185",2,3,3,4,2,3,4,5
"186",3,2,2,1,3,3,4,4
"187",2,3,2,2,2,5,4,5
"188",3,3,2,2,2,1,5,5
"189",3,2,2,2,2,4,4,5
"190",2,4,2,2,2,3,3,5
"191",3,3,1,5,2,4,4,5
"192",2,2,2,2,3,3,2,5
"193",2,3,2,2,2,4,4,5
"194",2,3,2,4,2,3,4,5
"195",3,2,2,5,2,3,2,5
"196",2,3,2,4,2,4,4,5
"197",3,3,2,4,2,4,4,5
"198",2,3,2,3,2,2,3,5
"199",2,3,2,4,2,3,4,5
"200",2,1,2,2,2,1,4,5
"201",2,3,2,4,2,4,4,5
"202",3,3,2,4,2,4,3,5
"203",2,4,2,4,2,4,4,5
"204",2,3,2,3,2,3,3,5
"205",2,3,2,4,3,4,2,4
"206",2,4,2,4,3,4,4,5
"207",2,3,2,2,3,3,4,4
"208",2,3,2,4,2,4,5,4
"209",2,3,2,4,2,4,4,4
"210",2,3,2,4,3,3,3,4
"211",3,3,2,4,2,4,4,4
"212",2,4,2,4,3,4,5,4
"213",2,3,2,4,2,3,2,4
"214",2,3,2,4,3,5,5,5
"215",2,3,2,4,2,3,3,5
"216",2,3,2,4,2,4,4,5
"217",2,3,2,4,2,4,5,5
"218",2,3,2,4,1,5,4,5
"219",2,3,2,3,2,3,3,4
"220",2,3,2,3,2,2,1,4
"221",3,3,2,3,2,4,4,4
"222",2,3,2,2,2,2,2,4
"223",2,3,4,4,2,2,5,4
"224",3,3,2,4,1,4,4,5
"225",3,4,2,3,2,3,4,5
"226",2,2,2,2,2,4,4,4
"227",2,4,2,2,3,2,1,4
"228",2,3,2,3,2,4,4,4
"229",2,3,2,4,2,4,4,5
"230",2,3,3,3,2,5,4,5
"231",2,4,2,4,2,4,4,4
"232",3,3,2,4,2,4,4,4
"233",1,4,2,2,2,3,3,4
"234",2,3,2,4,2,4,4,4
"235",2,4,3,2,2,4,4,4
"236",2,4,2,3,2,4,3,5
"237",3,3,2,3,2,4,4,5
"238",2,4,2,4,2,4,3,4
"239",3,3,1,4,4,4,4,4
"240",1,3,3,2,2,4,5,5
"241",2,3,2,3,3,3,1,5
"242",2,4,2,4,2,5,4,5
"243",3,4,2,4,2,4,5,4
"244",2,3,2,2,2,4,4,5
"245",1,3,2,3,2,2,4,4
"246",3,4,2,4,2,5,5,5
"247",2,4,2,5,2,4,5,5
"248",2,4,2,4,2,3,4,5
"249",2,4,2,2,2,4,4,5
"250",3,4,2,2,2,5,3,5
"251",2,4,2,3,2,4,4,5
"252",3,4,2,4,3,4,4,5
"253",3,4,2,4,2,4,3,5
"254",2,3,2,4,2,4,5,5
"255",2,3,2,4,2,5,4,5
"256",2,4,2,3,2,4,4,5
"257",2,4,2,4,2,4,4,5
"258",3,4,2,4,2,5,5,5
"259",3,4,2,4,2,4,4,5
"260",2,4,2,4,2,5,5,5
"261",2,3,2,3,2,2,4,4
"262",2,3,2,4,2,4,4,5
"263",2,3,2,5,2,5,4,5
"264",2,2,2,2,2,1,1,4
"265",2,3,2,3,3,3,3,5
"266",2,1,4,3,3,2,3,4
"267",2,4,2,4,2,2,4,5
"268",2,2,2,2,2,4,5,4
"269",2,3,2,4,2,2,4,5
"270",2,3,4,4,2,4,1,4
"271",2,1,3,2,2,2,4,4
"272",3,2,3,2,3,1,4,4
"273",2,3,2,4,2,3,3,4
"274",2,3,2,4,3,4,4,5
"275",3,2,3,3,3,4,3,5
"276",2,3,3,4,3,3,4,4
"277",2,2,2,4,2,5,4,5
"278",2,3,2,3,2,4,4,4
"279",2,3,2,4,2,4,4,5
"280",2,2,2,2,2,3,2,4
"281",2,3,3,3,2,4,2,1
"282",2,1,4,1,3,4,3,4
"283",2,3,2,4,2,4,2,5
"284",2,2,2,3,3,3,3,4
"285",1,2,2,2,2,4,4,5
"286",2,2,2,2,3,3,3,4
"287",3,3,3,2,3,2,1,2
"288",2,3,2,4,2,2,1,4
"289",3,3,2,4,2,4,4,5
"290",1,3,2,3,2,4,4,5
"291",3,2,2,5,4,2,4,5
"292",2,3,2,4,2,4,4,4
"293",3,4,2,4,2,4,5,4
"294",2,2,2,4,2,4,5,4
"295",4,3,2,4,3,1,1,5
"296",2,3,2,4,2,4,4,5
"297",3,2,2,2,4,4,5,4
"298",2,1,1,3,2,4,4,5
"299",3,3,2,4,2,4,4,5
"300",2,3,1,4,2,3,4,5
"301",2,3,2,2,2,1,1,5
"302",2,4,4,5,3,4,4,5
"303",3,1,2,3,1,2,2,4
"304",2,2,2,4,2,5,4,4
"305",4,1,2,2,1,3,5,3
"306",3,3,2,4,2,5,5,5
"307",2,3,2,4,2,4,4,4
"308",2,2,3,1,2,3,5,4
"309",2,3,3,3,3,3,5,4
"310",2,4,2,4,2,4,3,5
"311",3,3,2,5,1,5,5,5
"312",2,2,2,3,2,2,4,4
"313",2,3,2,4,3,4,4,4
"314",3,1,3,3,3,1,4,4
"315",2,3,2,4,2,2,3,5
"316",2,2,2,4,2,4,4,5
"317",2,2,3,4,3,4,1,5
"318",2,3,2,3,2,4,4,4
"319",3,4,1,4,3,4,4,5
"320",3,3,2,3,2,2,5,4
"321",2,2,2,4,2,4,5,5
"322",1,4,2,4,1,5,3,5
"323",2,3,2,4,3,4,3,5
"324",2,3,2,4,2,4,4,5
"325",2,1,3,5,4,3,3,4
"326",2,3,2,4,2,2,2,4
"327",2,2,2,4,3,4,4,5
"328",2,4,2,4,2,5,4,5
"329",2,3,2,2,2,3,5,4
"330",2,3,2,2,2,4,4,4
"331",2,3,2,4,3,4,4,5
"332",2,3,2,4,2,4,4,5
"333",3,2,2,4,2,4,4,4
"334",2,2,2,2,3,4,4,4
"335",2,3,2,3,2,4,3,4
"336",1,2,2,3,3,1,4,2
"337",2,2,2,2,3,4,4,4
"338",1,3,3,4,2,4,5,4
"339",4,1,1,4,1,4,4,3
"340",4,4,4,5,2,5,5,5
"341",2,4,2,5,2,1,1,2
"342",2,3,2,5,2,3,3,3
"343",3,4,1,5,2,4,5,4
"344",2,4,3,1,2,5,2,5
"345",2,2,2,5,2,3,3,4
"346",2,4,2,5,2,5,4,5
"347",2,3,2,2,2,2,2,5
"348",2,3,2,5,2,1,4,4
"349",2,3,2,5,2,5,5,5
"350",4,4,1,5,2,5,5,4
"351",2,4,2,4,2,4,4,4
"352",2,4,2,5,2,5,5,5
"353",3,4,2,5,2,5,5,5
"354",4,4,1,5,1,5,4,5
"355",1,3,1,5,1,4,4,5
"356",3,4,4,3,1,4,3,5
"357",2,3,1,3,3,2,1,4
"358",1,3,4,1,3,2,2,1
"359",4,3,1,3,3,4,1,5
"360",2,3,2,2,2,4,4,5
"361",3,1,4,2,1,4,4,3
"362",4,2,2,3,2,4,2,4
"363",3,3,2,3,2,4,3,4
"364",3,4,2,3,2,3,5,4
"365",2,3,2,3,2,2,2,4
"366",4,1,3,4,4,4,2,4
"367",4,1,1,5,2,2,2,2
"368",1,1,3,5,3,3,4,4
"369",4,3,4,3,3,1,1,4
"370",2,3,2,4,2,5,4,5
"371",2,4,2,3,3,5,5,5
"372",2,4,4,4,4,5,4,5
"373",2,3,2,5,3,4,4,3
"374",3,3,1,3,2,4,5,5
"375",2,3,2,4,2,5,4,3
"376",2,3,3,4,2,3,4,5
"377",2,3,2,3,2,4,4,5
"378",3,3,2,4,3,4,4,4
"379",2,2,2,1,3,4,4,5
"380",2,4,2,4,1,5,4,5
"381",2,3,2,4,2,4,4,4
"382",3,4,2,4,2,4,4,5
"383",2,3,2,4,2,2,2,5
"384",3,3,2,3,2,4,2,5
"385",2,3,2,3,2,5,3,5
"386",3,3,2,4,2,4,4,5
"387",2,4,2,4,2,5,5,5
"388",2,3,2,4,2,3,3,5
"389",2,4,2,5,2,4,4,4
"390",2,3,2,5,2,2,4,5
"391",2,3,1,4,2,4,4,5
"392",2,4,2,4,2,5,5,5
"393",2,3,2,3,2,5,4,5
"394",2,3,3,2,2,2,3,5
"395",2,4,2,3,2,4,4,5
"396",1,1,2,5,4,4,1,5
"397",2,2,2,2,2,4,4,4
"398",2,3,2,5,2,1,3,4
"399",2,3,2,2,2,2,4,4
"400",2,3,2,4,2,3,4,4
"401",2,3,2,4,2,2,4,4
"402",1,4,1,4,3,2,3,5
"403",1,3,1,5,1,3,4,5
"404",2,3,3,4,2,4,4,5
"405",2,3,2,3,2,3,4,4
"406",2,2,2,2,3,4,2,5
"407",2,2,2,4,2,4,3,5
"408",2,3,2,4,2,4,4,5
"409",3,3,2,4,2,5,4,5
"410",2,3,2,4,2,5,4,5
"411",3,3,2,2,4,2,4,4
"412",2,3,2,2,2,2,4,5
"413",2,3,2,4,2,4,5,5
"414",2,3,2,2,2,4,3,5
"415",3,3,2,4,2,4,3,5
"416",2,3,2,1,2,5,4,5
"417",3,4,2,4,2,4,4,5
"418",2,3,2,4,2,4,4,4
"419",3,3,2,3,2,4,4,5
"420",3,3,2,4,2,5,5,5
"421",3,3,2,4,2,4,4,4
"422",2,3,2,2,3,5,5,5
"423",3,3,1,3,2,3,4,5
"424",2,2,3,4,2,4,2,5
"425",1,3,2,3,2,4,5,5
"426",2,3,2,2,2,4,3,5
"427",2,3,2,4,2,4,2,5
"428",2,4,2,4,2,5,4,5
"429",2,3,2,3,3,4,4,5
"430",2,2,2,1,4,5,5,5
"431",2,3,2,5,2,2,4,5
"432",2,3,2,4,2,4,4,4
"433",2,1,1,1,2,4,4,5
"434",3,3,2,5,2,2,2,5
"435",2,3,2,4,1,4,4,5
"436",2,3,1,4,2,4,3,5
"437",2,4,2,5,2,5,5,5
"438",1,4,1,4,2,4,4,5
"439",4,1,1,1,4,4,2,5
"440",2,3,1,2,2,5,5,5
"441",1,4,4,1,3,4,4,5
"442",2,4,2,4,2,4,5,5
"443",2,4,1,5,2,5,5,5
"444",2,3,2,3,2,2,4,4
"445",2,3,2,4,3,5,5,5
"446",2,4,2,2,2,3,4,4
"447",2,3,2,3,2,2,3,5
"448",2,4,2,3,2,4,5,4
"449",2,3,2,4,2,4,4,4
"450",2,3,2,3,2,3,4,5
"451",2,4,2,4,2,3,3,5
"452",2,2,2,3,2,4,4,4
"453",2,3,2,2,2,4,4,5
"454",1,3,2,5,2,5,4,5
"455",2,3,1,4,2,4,5,5
"456",4,3,1,4,2,5,4,5
"457",3,3,2,4,2,4,4,4
"458",1,2,2,5,2,2,2,5
"459",3,2,2,5,2,4,4,4
"460",2,2,2,4,2,4,5,4
"461",3,3,3,4,2,4,2,4
"462",2,3,2,4,2,4,5,5
"463",2,3,2,2,2,4,5,5
"464",1,1,2,4,1,5,5,5
"465",3,3,2,4,2,5,5,5
"466",2,3,2,4,2,4,4,4
"467",2,3,2,4,2,4,4,4
"468",2,3,2,4,2,4,4,5
"469",2,3,2,4,2,3,4,5
"470",3,3,2,2,2,4,4,5
"471",2,4,2,2,2,4,4,5
"472",3,3,1,5,2,5,5,5
"473",2,3,2,4,1,5,5,5
"474",3,3,2,3,2,4,4,5
"475",2,3,2,3,2,4,4,4
"476",2,3,2,3,2,4,4,5
"477",3,3,2,4,2,4,4,5
"478",3,4,2,5,2,5,5,5
"479",2,3,1,2,3,4,4,1
"480",2,2,2,3,3,4,4,4
"481",1,3,1,4,2,4,3,5
"482",2,4,2,4,2,4,3,4
"483",2,3,2,2,2,4,3,4
"484",2,3,3,4,2,3,5,5
"485",2,3,2,4,2,4,4,5
"486",3,3,2,4,2,5,4,5
"487",2,2,2,4,2,4,2,4
"488",3,2,2,4,2,4,4,4
"489",2,3,2,3,2,4,5,4
"490",2,3,3,4,2,2,4,4
"491",2,3,2,4,2,4,5,5
"492",1,3,2,3,2,5,4,5
"493",2,3,2,4,2,3,2,5
"494",2,4,1,4,2,5,5,5
"495",2,3,2,4,2,4,3,5
"496",2,3,2,4,2,4,4,5
"497",1,2,2,2,3,4,3,5
"498",2,4,2,4,2,3,2,5
"499",2,4,1,4,2,5,4,5
"500",1,3,2,4,2,5,4,5
"501",2,3,2,5,2,4,4,5
"502",2,3,2,2,2,1,4,5
"503",1,4,2,2,2,5,4,5
"504",2,3,2,4,2,3,3,5
"505",2,3,2,4,2,2,2,5
"506",2,3,2,5,2,4,4,4
"507",3,3,2,4,2,4,4,5
"508",2,3,2,4,2,1,3,5
"509",2,3,2,4,3,4,5,5
"510",2,3,2,4,2,5,5,5
"511",3,3,2,4,2,3,4,5
"512",2,3,2,4,2,2,4,5
"513",2,3,2,3,2,4,4,5
"514",2,3,2,4,2,4,4,5
"515",2,3,2,4,2,4,3,5
"516",2,3,2,2,2,4,5,5
"517",2,3,2,4,2,4,4,4
"518",2,1,2,4,2,3,4,5
"519",2,3,2,2,3,4,4,5
"520",2,3,2,4,2,4,4,5
"521",2,2,2,4,2,3,2,5
"522",3,3,2,4,2,4,4,5
"523",3,3,2,2,2,4,4,5
"524",2,3,2,4,2,4,4,5
"525",2,3,2,5,3,4,4,5
"526",2,3,2,4,2,4,5,5
"527",2,3,2,3,2,1,3,5
"528",2,3,2,3,2,3,4,5
"529",2,3,2,4,2,4,4,5
"530",2,4,2,3,2,5,5,5
"531",1,3,2,3,2,4,4,5
"532",1,3,2,3,2,4,4,5
"533",2,3,2,3,2,4,3,5
"534",2,3,2,4,2,5,4,5
"535",2,3,2,3,2,4,5,5
"536",2,3,2,3,2,4,3,4
"537",2,3,2,4,2,4,4,5
"538",2,3,2,3,2,4,3,4
"539",2,3,2,4,2,4,5,4
"540",2,4,2,5,2,5,2,5
"541",2,4,3,1,2,4,4,5
"542",1,4,1,4,1,4,4,5
"543",1,4,1,4,1,5,4,5
"544",3,3,2,5,3,4,4,4
"545",2,4,2,3,2,5,4,5
"546",2,3,2,3,2,4,4,5
"547",2,3,1,2,2,5,4,5
"548",2,3,2,3,2,4,4,5
"549",2,4,2,4,2,4,4,5
"550",2,3,3,3,2,5,4,5
"551",2,3,2,4,1,4,4,4
"552",2,3,2,4,2,4,4,5
"553",1,4,1,4,1,4,4,5
"554",2,1,2,4,1,4,5,5
"555",2,3,1,4,1,5,4,5
"556",2,3,1,1,1,4,4,5
"557",2,3,2,3,2,3,4,4
"558",2,3,2,4,2,2,3,5
"559",4,4,2,4,2,3,3,4
"560",2,2,2,2,2,3,2,4
"561",3,3,2,3,1,4,4,2
"562",3,4,1,4,1,4,5,4
"563",3,4,2,4,2,4,2,5
"564",3,1,4,2,3,2,1,4
"565",3,3,2,4,2,4,4,4
"566",1,3,1,2,2,2,2,4
"567",2,2,3,1,3,4,4,5
"568",1,1,1,5,2,3,3,4
"569",2,3,2,3,2,4,4,5
"570",2,4,1,4,2,4,4,5
"571",2,4,2,4,2,4,4,5
"572",2,4,2,3,2,4,4,5
"573",2,3,1,4,2,5,5,5
"574",2,3,2,2,2,4,3,4
"575",2,4,2,2,3,3,4,3
"576",1,4,2,2,1,4,4,5
"577",3,3,2,2,4,2,3,4
"578",2,3,4,2,2,3,3,4
"579",3,2,2,4,2,3,3,4
"580",2,2,2,3,3,3,3,4
"581",3,3,2,3,2,4,4,4
"582",2,2,3,3,2,4,4,4
"583",3,3,2,5,2,5,4,5
"584",1,3,2,4,2,4,4,5
"585",1,3,1,4,1,4,4,5
"586",1,3,2,4,2,3,2,4
"587",2,4,2,4,4,3,4,4
"588",2,4,2,4,2,4,4,5
"589",2,2,2,3,2,4,4,4
"590",2,3,2,3,2,5,5,5
"591",2,3,2,4,2,5,5,5
"592",1,3,2,3,2,4,4,5
"593",2,3,2,4,2,4,4,5
"594",2,3,2,3,2,4,4,5
"595",2,3,3,4,2,4,4,5
"596",2,3,2,4,3,4,5,5
"597",2,3,2,3,2,2,2,5
"598",2,4,2,5,2,4,3,5
"599",2,3,2,3,2,4,4,5
"600",2,3,2,3,2,5,5,5
"601",2,3,2,4,2,5,5,5
"602",2,3,2,3,3,5,5,5
"603",2,2,2,4,2,4,4,5
"604",2,3,2,3,2,2,3,5
"605",2,3,2,3,2,4,4,5
"606",2,3,2,4,2,4,5,5
"607",2,3,2,3,2,4,4,5
"608",2,3,2,4,2,4,4,5
"609",1,3,1,4,1,4,4,5
"610",2,3,2,4,2,5,4,5
"611",1,4,2,4,2,4,5,5
"612",2,4,2,4,1,5,5,5
"613",1,4,1,4,2,5,5,5
"614",2,4,2,5,1,4,3,5
"615",3,3,2,2,2,3,4,5
"616",1,2,2,4,1,4,2,5
"617",2,1,1,4,1,4,4,4
"618",3,4,2,4,2,4,4,4
"619",4,3,4,5,1,4,4,4
"620",2,3,2,2,2,4,4,4
"621",1,4,2,3,2,4,4,4
"622",1,3,2,3,2,3,4,4
"623",2,3,1,3,2,4,4,5
"624",3,3,2,3,2,2,4,5
"625",2,3,2,3,2,1,2,4
"626",2,3,1,2,2,1,2,3
"627",3,2,4,4,1,3,4,5
"628",3,4,2,5,2,4,5,5
"629",2,3,2,4,3,2,3,5
"630",2,2,2,4,2,4,4,5
"631",2,1,2,3,3,2,1,4
"632",2,3,2,4,3,2,2,4
"633",2,3,2,3,2,4,4,4
"634",2,2,2,4,2,2,3,4
"635",2,3,2,4,2,4,3,5
"636",2,2,2,4,2,4,4,5
"637",1,2,1,5,3,2,4,5
"638",2,3,2,4,2,2,2,4
"639",2,3,2,4,2,5,5,4
"640",2,2,2,4,2,5,5,5
"641",2,3,2,4,2,4,5,4
"642",2,2,2,2,2,2,4,5
"643",2,3,2,4,2,2,5,5
"644",2,3,2,3,2,4,4,4
"645",3,3,2,4,2,4,4,5
"646",2,3,2,4,2,4,4,4
"647",2,3,2,3,1,5,5,5
"648",2,2,2,4,2,2,4,5
"649",2,3,1,2,2,2,4,4
"650",3,3,2,4,2,4,4,5
"651",3,2,2,4,2,3,4,4
"652",3,3,2,4,2,4,4,5
"653",2,3,2,4,2,2,4,5
"654",2,3,2,4,2,1,2,5
"655",2,3,2,3,2,2,1,5
"656",3,4,3,4,3,5,5,5
"657",3,4,4,4,2,4,4,4
"658",2,2,4,4,4,1,1,4
"659",2,3,2,2,2,4,5,5
"660",3,4,2,4,2,4,4,4
"661",2,3,2,4,2,2,4,4
"662",2,4,2,3,2,4,4,4
"663",2,2,2,4,3,4,5,5
"664",2,4,2,4,3,5,5,5
"665",2,4,1,3,2,4,5,4
"666",1,4,1,3,1,4,4,5
"667",2,4,2,5,2,2,5,2
"668",2,4,2,5,2,5,4,5
"669",2,4,2,4,2,4,4,5
"670",2,4,1,5,1,5,5,5
"671",2,3,3,4,2,4,4,4
"672",2,2,2,4,2,4,4,5
"673",2,2,2,4,2,4,2,4
"674",3,2,3,2,3,4,4,4
"675",3,3,2,5,2,5,5,5
"676",2,3,2,4,2,4,4,5
"677",2,3,2,4,3,4,5,5
"678",2,3,2,4,2,4,4,4
"679",3,3,2,4,2,4,4,5
"680",3,2,2,4,2,4,4,4
"681",3,4,2,3,2,4,4,4
"682",3,3,2,5,2,4,4,5
"683",3,3,4,2,2,4,4,4
"684",2,2,3,2,2,4,4,5
"685",3,3,2,4,3,4,4,5
"686",1,3,1,1,2,4,2,5
"687",2,2,1,1,3,3,1,4
"688",2,4,2,5,1,4,4,5
"689",2,4,2,5,2,1,1,5
"690",2,3,2,5,3,4,5,5
"691",2,3,4,2,3,1,1,5
"692",2,3,2,4,3,2,2,5
"693",2,2,2,3,3,3,3,5
"694",3,3,2,4,2,2,1,5
"695",2,3,2,4,2,3,3,5
"696",2,3,2,3,3,3,3,5
"697",3,3,2,4,2,5,5,4
"698",2,3,2,4,2,5,4,5
"699",2,2,2,4,3,4,4,5
"700",2,2,2,4,1,4,4,4
"701",3,3,2,3,2,4,3,4
"702",2,4,1,2,2,5,5,5
"703",2,4,2,4,2,3,4,5
"704",2,3,2,3,2,4,3,5
"705",2,3,2,4,3,3,4,5
"706",2,3,2,4,1,4,4,5
"707",2,2,2,4,2,4,2,5
"708",2,3,2,4,2,5,5,5
"709",3,3,2,2,3,2,3,5
"710",2,3,2,4,2,4,4,5
"711",2,3,2,2,2,4,4,5
"712",2,3,2,4,3,4,5,5
"713",2,3,2,4,2,4,4,4
"714",2,3,2,2,3,4,4,4
"715",2,2,2,4,2,4,4,5
"716",2,3,2,4,2,4,3,5
"717",2,1,2,5,3,5,5,5
"718",2,2,2,2,2,2,4,2
"719",2,3,2,4,2,4,4,4
"720",2,3,2,3,2,4,4,4
"721",2,2,2,4,3,4,4,4
"722",3,4,2,1,2,2,2,5
"723",2,3,2,4,2,5,3,5
"724",2,3,2,2,2,5,4,4
"725",2,3,2,4,2,4,4,5
"726",3,3,2,4,3,4,2,4
"727",3,3,2,3,2,5,4,5
"728",2,3,2,4,2,4,4,5
"729",3,3,2,3,1,4,3,4
"730",4,3,2,1,3,4,4,5
"731",2,2,2,3,3,4,4,5
"732",2,4,2,4,2,4,4,4
"733",2,3,2,4,2,5,3,5
"734",3,3,1,2,2,2,1,5
"735",3,4,2,2,2,1,4,5
"736",4,3,1,4,1,4,2,4
"737",3,3,2,4,3,3,4,5
"738",2,2,2,2,2,2,4,4
"739",2,4,2,4,2,4,2,4
"740",2,3,4,2,2,3,5,4
"741",2,2,2,2,2,5,4,5
"742",2,2,2,1,2,2,4,5
"743",2,3,2,1,2,1,4,5
"744",2,3,2,4,2,1,4,5
"745",2,3,2,4,2,4,4,4
"746",2,4,2,4,2,2,2,5
"747",2,3,2,2,2,2,4,5
"748",3,3,3,1,1,3,4,4
"749",2,3,2,4,2,4,5,5
"750",2,3,2,2,2,5,4,5
"751",2,4,2,4,2,1,4,5
"752",2,3,2,3,2,4,4,5
"753",2,3,2,4,2,5,4,5
"754",3,3,2,3,2,2,4,5
"755",4,1,3,5,3,2,4,1
"756",2,3,2,4,2,3,4,5
"757",2,3,4,2,2,1,3,5
"758",2,3,3,3,2,4,4,4
"759",2,3,2,2,3,3,3,4
"760",2,3,2,2,3,4,3,4
"761",2,3,2,4,2,4,3,4
"762",2,4,2,4,2,4,4,5
"763",2,3,2,2,2,2,2,4
"764",2,4,1,4,2,4,5,5
"765",2,3,2,5,2,2,4,5
"766",2,3,2,4,2,2,4,5
"767",2,4,2,4,2,3,4,5
"768",2,4,2,4,2,5,2,4
"769",2,3,2,4,2,2,3,5
"770",2,4,2,4,3,3,3,4
"771",2,2,2,1,2,4,4,4
"772",2,3,2,4,2,4,4,5
"773",3,3,1,3,2,3,3,4
"774",2,4,2,4,2,5,2,5
"775",2,4,2,4,1,4,4,4
"776",3,1,3,4,2,2,2,4
"777",2,3,2,2,2,4,4,4
"778",2,3,2,4,2,4,3,5
"779",2,3,2,4,2,2,3,4
"780",2,2,3,5,2,3,4,4
"781",3,3,2,4,2,5,4,5
"782",2,3,2,4,2,5,4,4
"783",2,3,2,2,3,5,4,5
"784",2,4,2,4,2,5,4,5
"785",3,3,2,4,2,4,3,4
"786",2,3,2,3,2,4,3,4
"787",2,4,2,2,2,2,2,4
"788",2,4,2,4,2,3,3,4
"789",3,2,3,3,3,3,3,4
"790",1,3,2,4,2,2,4,4
"791",2,3,2,4,3,4,4,4
"792",3,4,2,5,2,4,4,4
"793",2,3,2,4,2,3,3,4
"794",4,2,4,2,4,3,3,5
"795",4,4,1,2,3,1,1,4
"796",1,4,1,5,2,2,4,5
"797",2,4,2,4,2,5,3,5
"798",2,4,1,3,2,4,3,4
"799",2,4,3,1,2,3,2,4
"800",2,4,2,4,2,4,4,5
"801",3,3,2,3,2,4,4,5
"802",4,3,4,5,2,2,4,5
"803",2,3,2,3,2,4,4,5
"804",4,4,2,4,2,2,4,4
"805",2,3,2,4,2,3,4,5
"806",2,4,2,5,2,5,5,5
"807",2,3,2,3,2,3,4,5
"808",2,2,2,4,2,4,4,5
"809",2,4,2,4,2,4,2,4
"810",2,4,2,4,2,3,2,3
"811",3,1,3,1,3,1,5,5
"812",2,3,2,3,2,2,3,4
"813",2,3,2,4,2,2,2,4
"814",2,4,2,4,2,4,3,4
"815",3,2,2,2,2,4,3,4
"816",2,1,2,3,3,4,5,4
"817",2,4,2,4,2,4,4,4
"818",2,2,1,5,2,4,3,4
"819",2,3,2,5,1,4,4,5
"820",2,4,1,4,1,4,4,4
"821",3,3,2,4,2,5,5,5
"822",2,3,1,5,2,2,5,5
"823",1,4,2,5,2,3,4,5
"824",2,3,2,4,2,4,5,5
"825",2,3,1,5,1,2,4,5
"826",2,2,2,1,2,1,2,4
"827",2,3,2,4,2,3,4,5
"828",2,3,2,2,2,2,4,4
"829",2,2,2,1,2,2,4,5
"830",2,2,2,2,3,2,3,2
"831",2,3,2,3,2,4,4,5
"832",2,3,2,4,2,4,4,4
"833",2,3,2,1,2,4,4,5
"834",2,3,2,4,2,3,4,5
"835",2,3,2,4,2,1,3,4
"836",3,3,2,5,2,4,4,5
"837",2,2,2,1,3,4,4,5
"838",2,2,2,2,2,2,3,5
"839",2,2,2,2,2,4,4,5
"840",3,3,2,4,3,4,4,5
"841",2,1,2,4,2,2,5,5
"842",2,3,2,5,2,1,3,5
"843",2,3,2,4,2,2,4,5
"844",2,4,2,2,3,3,1,5
"845",2,3,2,1,3,3,4,4
"846",2,3,2,5,3,3,4,5
"847",2,2,2,1,2,4,5,5
"848",2,4,1,4,1,5,4,5
"849",1,3,1,4,2,4,2,5
"850",2,3,1,4,2,5,5,5
"851",2,3,2,4,2,4,4,4
"852",2,2,2,4,3,4,4,5
"853",2,3,2,4,2,2,5,5
"854",2,1,2,2,3,4,4,5
"855",2,3,1,4,2,5,3,5
"856",2,3,1,3,1,4,4,5
"857",2,3,2,4,2,5,4,5
"858",2,4,2,5,3,4,5,5
"859",2,2,2,2,2,4,2,5
"860",2,3,2,2,3,4,4,5
"861",2,4,2,5,2,5,4,5
"862",2,3,2,4,2,4,3,5
"863",2,3,2,4,2,4,4,5
"864",1,3,2,2,2,5,1,5
"865",2,3,2,4,2,4,2,5
"866",2,4,1,4,2,4,4,5
"867",2,4,2,5,2,5,4,5
"868",2,3,1,5,2,3,3,4
"869",3,4,2,5,2,4,3,5
"870",2,3,2,2,2,4,3,5
"871",2,2,1,2,2,4,1,1
"872",4,3,3,3,3,4,4,5
"873",2,2,2,5,2,4,4,5
"874",2,4,2,5,3,5,5,5
"875",2,2,2,1,2,4,2,5
"876",2,3,2,4,1,2,2,4
"877",1,4,2,4,2,4,1,5
"878",2,4,3,4,2,4,4,5
"879",3,3,2,3,2,2,4,5
"880",2,3,2,4,2,5,5,5
"881",2,3,2,3,2,4,4,5
"882",2,1,2,5,1,4,2,4
"883",2,3,2,4,3,5,5,5
"884",2,3,2,4,2,4,4,5
"885",2,4,2,4,2,5,5,5
"886",2,4,2,4,2,5,5,1
"887",2,4,2,3,2,1,1,1
"888",3,3,2,2,3,3,1,5
"889",2,3,2,4,1,1,1,5
"890",2,2,3,3,3,1,3,4
"891",3,3,2,4,2,4,4,5
"892",3,4,2,4,2,4,4,5
"893",2,3,2,5,3,3,2,5
"894",3,3,2,1,3,2,5,5
"895",2,2,2,5,2,3,3,5
"896",3,3,2,4,2,4,4,5
"897",3,4,2,4,3,4,4,5
"898",2,4,2,3,2,1,2,2
"899",2,1,2,4,2,3,3,1
"900",2,3,2,3,2,4,3,4
"901",2,4,2,4,2,4,2,5
"902",2,3,2,1,3,3,4,5
"903",3,2,2,4,2,2,5,5
"904",3,3,2,5,3,2,4,3
"905",2,4,4,3,2,4,4,5
"906",2,3,2,2,2,4,1,5
"907",2,3,2,4,2,2,2,5
"908",2,2,2,4,3,4,4,4
"909",2,4,1,4,2,4,1,5
"910",2,3,2,4,2,3,4,5
"911",2,4,2,5,2,4,4,5
"912",2,3,1,5,2,5,4,5
"913",2,3,1,2,2,4,4,5
"914",3,3,2,3,2,4,4,5
"915",2,2,2,4,2,4,4,5
"916",1,2,3,2,2,1,3,5
"917",2,3,1,4,2,4,5,5
"918",2,3,2,3,3,3,5,4
"919",1,2,2,3,2,4,4,5
"920",2,3,1,4,2,4,3,5
"921",2,3,2,4,2,4,4,5
"922",2,3,2,2,2,4,4,5
"923",2,3,2,4,2,4,4,5
"924",2,3,2,4,2,4,4,5
"925",3,2,1,1,4,5,5,5
"926",3,3,2,3,2,5,5,5
"927",1,3,2,4,2,4,4,5
"928",2,4,2,2,2,4,4,5
"929",2,3,2,3,2,3,2,4
"930",2,3,2,5,2,5,4,5
"931",2,3,2,2,2,4,3,5
"932",2,3,2,3,2,4,4,5
"933",2,4,1,5,2,5,4,5
"934",2,3,2,5,2,5,4,5
"935",2,4,2,5,2,2,3,5
"936",2,2,2,4,2,4,2,5
"937",2,2,2,2,2,4,4,5
"938",2,2,2,2,2,5,4,5
"939",2,3,2,1,2,4,3,5
"940",4,4,1,5,1,5,4,5
"941",2,3,2,4,2,4,3,5
"942",2,3,2,4,2,3,4,5
"943",2,3,2,3,2,2,4,5
"944",2,3,2,3,2,2,3,5
"945",2,3,2,4,4,2,2,5
"946",2,1,1,3,2,4,2,5
"947",1,3,2,2,2,3,1,4
"948",2,3,2,4,2,4,4,5
"949",2,4,2,4,2,4,4,4
"950",3,3,3,4,2,4,5,4
"951",1,4,1,5,3,4,1,4
"952",2,3,2,3,2,4,1,3
"953",2,3,2,3,2,2,2,4
"954",3,2,3,2,3,4,4,4
"955",3,4,4,4,2,4,4,2
"956",2,3,2,4,2,4,4,5
"957",1,4,3,4,2,4,4,1
"958",4,1,2,4,2,2,4,4
"959",3,3,2,4,2,4,4,3
"960",2,3,3,2,2,4,2,4
"961",2,3,2,4,2,4,3,4
"962",1,4,1,4,2,4,4,4
"963",2,3,2,1,2,3,2,5
"964",2,3,4,2,4,4,1,4
"965",2,3,2,4,2,4,4,4
"966",2,4,2,4,2,4,2,4
"967",3,2,2,4,3,1,4,1
"968",2,3,2,4,2,3,4,4
"969",2,3,2,4,2,4,4,4
"970",4,4,2,4,3,4,4,4
"971",2,2,2,4,2,4,4,4
"972",2,3,2,3,2,3,4,4
"973",3,3,2,4,2,4,5,4
"974",3,2,2,3,2,5,4,5
"975",2,1,2,2,2,1,4,4
"976",2,3,2,2,3,4,3,4
"977",2,2,2,2,2,4,4,5
"978",2,3,2,3,2,3,2,5
"979",2,3,2,4,2,4,5,5
"980",3,2,3,3,2,4,4,4
"981",2,1,2,2,2,3,5,4
"982",2,3,2,2,2,2,4,4
"983",2,3,2,4,2,4,4,4
"984",2,3,2,4,3,4,4,3
"985",3,3,2,3,2,4,3,4
"986",2,2,2,4,3,4,4,4
"987",2,2,2,2,1,4,1,4
"988",2,3,1,4,2,4,4,4
"989",2,4,2,2,2,4,1,4
"990",3,2,2,2,2,3,2,4
"991",2,2,2,2,2,4,4,5
"992",2,2,2,3,2,2,2,4
"993",2,3,2,5,3,2,4,5
"994",2,3,2,4,2,3,2,5
"995",2,3,2,1,3,4,4,4
"996",3,3,2,4,2,2,3,4
"997",2,2,2,1,3,3,3,4
"998",4,1,2,3,2,3,3,4
"999",2,3,2,3,2,4,4,4
"1000",2,2,2,3,2,2,2,4
"1001",2,3,2,3,2,4,3,4
"1002",3,2,2,3,2,4,4,5
"1003",3,3,2,5,2,5,4,5
"1004",4,3,1,3,4,4,3,4
"1005",2,3,2,3,2,4,5,4
"1006",2,2,2,2,2,1,5,4
"1007",3,2,3,3,3,5,4,4
"1008",2,2,2,4,3,4,4,1
"1009",2,3,2,3,2,3,4,4
"1010",3,1,2,3,1,2,4,4
"1011",1,3,1,3,3,4,2,4
"1012",1,3,2,3,2,4,4,5
"1013",2,3,2,3,2,4,2,4
"1014",2,3,2,5,2,4,3,5
"1015",2,3,2,4,2,4,4,5
"1016",2,3,2,4,2,4,4,5
"1017",2,2,2,3,3,3,4,4
"1018",2,3,1,5,2,5,3,5
"1019",2,3,2,4,2,4,4,5
"1020",2,3,2,3,1,4,4,4
"1021",2,3,2,3,2,4,4,5
"1022",3,4,2,2,2,4,4,5
"1023",2,2,2,3,2,2,4,5
"1024",3,2,2,4,3,4,4,4
"1025",2,4,2,4,2,5,5,5
"1026",2,4,2,4,2,4,4,5
"1027",2,3,2,3,2,2,2,4
"1028",2,3,2,4,2,4,4,5
"1029",1,4,2,5,2,2,4,5
"1030",1,3,2,3,2,4,4,4
"1031",1,4,2,5,3,5,4,5
"1032",3,3,2,3,2,4,4,5
"1033",3,4,2,5,1,5,5,5
"1034",2,2,1,3,2,5,2,5
"1035",2,2,2,3,2,4,4,5
"1036",2,3,2,4,2,2,2,5
"1037",2,3,1,3,2,4,3,5
"1038",2,2,2,4,2,3,4,5
"1039",2,2,2,3,2,2,2,4
"1040",2,2,2,4,2,4,4,5
"1041",2,4,2,4,2,4,4,4
"1042",2,3,2,4,2,2,3,5
"1043",4,3,2,3,2,4,4,5
"1044",1,3,2,4,2,4,4,5
"1045",1,2,2,1,3,2,4,4
"1046",2,1,3,4,3,4,4,5
"1047",2,2,2,4,2,3,5,5
"1048",1,3,2,2,4,4,4,4
"1049",2,3,1,4,2,4,4,5
"1050",2,4,1,5,2,5,5,5
"1051",2,3,2,3,2,4,4,4
"1052",3,3,2,4,2,5,5,4
"1053",2,2,2,2,3,1,3,5
"1054",2,3,2,4,2,2,4,4
"1055",2,3,2,4,2,4,4,5
"1056",2,2,2,2,2,4,4,5
"1057",2,4,1,2,3,4,2,4
"1058",2,2,2,2,2,2,3,1
"1059",2,3,2,2,2,2,3,5
"1060",3,4,2,3,2,3,3,5
"1061",2,2,2,2,2,2,4,4
"1062",4,3,3,5,2,4,5,4
"1063",1,3,2,4,2,2,4,2
"1064",2,3,3,3,2,3,4,2
"1065",2,3,2,1,2,1,2,3
"1066",4,1,3,5,4,1,1,2
"1067",2,2,2,3,3,2,4,2
"1068",2,3,2,4,2,4,3,5
"1069",3,3,2,4,1,4,3,5
"1070",2,3,2,3,2,2,3,4
"1071",1,4,2,4,2,3,3,4
"1072",1,3,3,4,2,4,3,5
"1073",2,3,1,2,2,5,4,5
"1074",2,3,4,2,2,2,4,4
"1075",2,3,2,5,2,4,4,5
"1076",1,3,2,3,2,3,4,5
"1077",2,3,2,4,1,3,4,5
"1078",3,3,2,5,2,4,4,5
"1079",2,3,1,3,1,4,4,5
"1080",2,3,2,1,2,4,3,5
"1081",2,3,2,2,2,1,1,5
"1082",2,3,2,3,2,4,5,4
"1083",2,3,2,4,2,4,4,5
"1084",1,3,2,3,2,4,5,5
"1085",2,3,2,4,2,4,4,4
"1086",3,4,2,4,2,4,2,5
"1087",2,4,2,3,2,2,4,4
"1088",2,2,2,2,2,3,4,5
"1089",2,3,2,2,3,4,4,5
"1090",2,4,2,2,3,4,2,4
"1091",2,3,2,4,3,4,4,5
"1092",2,3,2,3,3,4,4,4
"1093",2,3,2,4,2,2,4,5
"1094",3,3,2,2,2,4,3,2
"1095",2,3,2,4,2,4,4,4
"1096",3,3,1,3,1,4,4,2
"1097",2,4,2,4,2,4,4,4
"1098",2,3,3,3,2,4,4,5
"1099",2,3,2,4,2,5,5,5
"1100",2,3,2,3,2,3,4,5
"1101",3,3,2,4,2,4,4,5
"1102",2,4,2,4,2,4,4,4
"1103",2,3,2,4,2,3,1,5
"1104",2,3,3,3,4,1,5,5
"1105",2,3,2,3,2,4,5,4
"1106",2,4,2,4,2,4,5,5
"1107",2,4,3,4,2,4,1,4
"1108",2,3,2,5,3,3,4,5
"1109",2,3,2,5,3,3,4,5
"1110",2,3,2,4,2,4,5,5
"1111",2,2,2,2,2,4,4,4
"1112",2,1,3,4,3,4,4,5
"1113",2,3,2,3,2,3,2,3
"1114",2,3,2,3,2,4,4,4
"1115",3,2,1,5,2,3,4,3
"1116",2,3,2,4,2,4,4,4
"1117",2,2,3,2,4,5,4,5
"1118",2,2,2,4,2,4,4,5
"1119",3,3,2,5,2,4,3,5
"1120",4,3,1,3,2,3,1,5
"1121",2,3,2,4,2,5,4,4
"1122",2,2,2,3,2,4,4,5
"1123",2,3,2,4,2,4,4,4
"1124",2,3,2,4,2,4,4,5
"1125",2,2,2,5,4,2,3,2
"1126",2,3,2,4,2,3,5,5
"1127",2,3,2,3,2,4,4,4
"1128",2,2,3,3,2,2,2,4
"1129",2,3,2,4,3,5,5,5
"1130",2,3,2,4,2,4,4,4
"1131",2,2,3,2,2,4,4,4
"1132",4,2,1,3,2,4,4,4
"1133",1,3,4,2,3,5,5,4
"1134",3,3,1,3,2,3,1,4
"1135",2,2,2,1,4,4,4,4
"1136",4,3,2,5,4,3,1,4
"1137",2,2,1,3,2,4,4,4
"1138",1,3,2,3,2,4,4,4
"1139",2,3,2,3,3,4,4,4
"1140",2,1,4,3,2,4,1,3
"1141",2,1,2,1,2,4,4,1
"1142",2,2,2,4,2,1,4,4
"1143",2,3,2,4,2,5,3,5
"1144",2,3,2,2,2,4,4,5
"1145",2,3,2,4,2,4,4,5
"1146",2,2,2,4,2,2,4,2
"1147",2,4,2,1,2,2,1,5
"1148",2,3,2,4,2,2,4,4
"1149",3,2,2,3,2,4,4,5
"1150",2,3,2,2,2,2,2,4
"1151",2,3,2,4,2,2,4,4
"1152",3,2,2,4,2,4,4,4
"1153",2,3,2,4,2,3,4,4
"1154",2,3,2,4,2,3,4,4
"1155",2,3,2,3,2,3,4,5
"1156",2,2,2,2,2,2,4,4
"1157",2,2,3,3,2,4,4,4
"1158",2,4,2,4,2,4,3,4
"1159",2,2,2,2,3,4,1,5
"1160",2,3,2,3,2,3,3,5
"1161",3,3,2,4,2,5,5,5
"1162",2,3,2,3,2,5,4,5
"1163",2,3,2,4,3,3,4,5
"1164",1,1,1,4,1,3,4,4
"1165",2,4,2,3,2,4,4,4
"1166",2,2,2,2,2,5,5,2
"1167",2,3,2,5,2,4,3,3
"1168",2,3,2,4,2,4,5,5
"1169",3,3,2,4,2,4,4,5
"1170",2,1,2,4,2,3,4,5
"1171",2,3,3,2,2,5,5,1
"1172",2,3,2,2,2,3,3,5
"1173",3,3,2,4,2,5,4,5
"1174",2,3,2,4,2,2,4,4
"1175",3,3,1,4,2,5,5,5
"1176",2,3,2,2,2,4,3,5
"1177",3,3,2,5,2,4,4,5
"1178",2,3,2,3,2,4,4,5
"1179",3,3,2,2,2,5,5,4
"1180",2,3,2,4,2,4,5,5
"1181",2,3,2,4,2,3,3,4
"1182",2,2,2,3,3,2,4,3
"1183",2,3,2,4,2,4,4,4
"1184",2,3,2,4,2,4,4,4
"1185",2,3,2,4,2,2,4,5
"1186",2,3,2,4,2,3,4,5
"1187",2,3,1,4,2,3,4,5
"1188",2,2,2,4,2,4,4,5
"1189",3,2,2,2,2,5,4,5
"1190",3,3,2,3,2,3,4,2
"1191",3,3,3,5,2,2,3,2
"1192",2,3,2,4,2,5,5,5
"1193",2,3,2,4,2,4,4,4
"1194",2,3,2,5,2,5,5,5
"1195",2,1,3,2,3,4,4,5
"1196",2,3,2,3,3,2,4,2
"1197",3,3,2,2,2,2,4,4
"1198",2,3,2,4,2,4,4,4
"1199",3,3,2,2,2,4,4,5
"1200",2,3,2,2,2,4,5,5
"1201",3,3,2,5,2,3,4,5
"1202",2,3,2,4,2,4,5,4
"1203",2,2,4,4,2,4,4,4
"1204",2,2,2,4,3,2,2,4
"1205",3,3,2,5,2,4,4,5
"1206",2,3,2,4,1,4,4,5
"1207",2,3,2,3,2,3,4,5
"1208",2,1,1,4,3,4,2,2
"1209",3,3,2,4,2,4,4,5
"1210",2,2,3,2,2,5,4,5
"1211",2,2,2,2,2,3,4,5
"1212",2,3,2,4,2,4,4,5
"1213",3,3,2,4,2,4,4,5
"1214",2,2,4,4,2,4,5,5
"1215",4,2,2,5,4,2,5,4
"1216",2,3,2,4,1,4,2,5
"1217",2,1,2,4,2,4,3,5
"1218",3,2,2,5,2,4,4,5
"1219",2,3,2,4,2,4,4,5
"1220",2,3,2,4,2,4,4,5
"1221",4,1,1,2,3,5,2,2
"1222",2,3,2,2,1,2,4,5
"1223",2,3,2,5,3,4,3,4
"1224",3,4,2,4,3,5,5,5
"1225",2,3,2,4,1,4,2,5
"1226",2,3,2,3,2,4,2,2
"1227",2,3,2,4,2,4,4,5
"1228",2,3,2,4,2,4,4,5
"1229",2,3,2,4,2,5,5,5
"1230",3,3,4,4,3,2,2,2
"1231",1,2,2,1,1,4,3,3
"1232",3,3,4,4,3,4,5,5
"1233",1,3,3,5,1,4,1,4
"1234",2,3,2,4,2,4,4,5
"1235",2,3,2,4,2,5,4,5
"1236",2,3,2,4,2,4,5,5
"1237",4,3,2,2,3,4,4,4
"1238",3,1,1,4,3,3,3,5
"1239",2,2,2,4,3,3,5,4
"1240",2,3,2,4,2,4,2,5
"1241",1,3,2,4,2,4,4,5
"1242",1,3,2,4,2,4,4,5
"1243",4,3,2,4,3,3,2,5
"1244",2,3,2,4,2,4,4,5
"1245",1,3,2,2,3,4,4,4
"1246",2,3,2,4,2,4,2,5
"1247",2,3,2,2,2,4,4,5
"1248",2,3,2,4,2,2,3,5
"1249",1,3,2,4,2,4,4,5
"1250",2,2,1,4,3,2,5,5
"1251",3,4,2,5,2,1,2,4
"1252",2,3,2,2,3,3,4,4
"1253",2,1,3,4,3,4,4,4
"1254",2,3,4,4,3,2,4,4
"1255",1,4,2,4,2,4,5,4
"1256",2,3,2,4,2,2,2,4
"1257",3,2,2,4,2,4,4,4
"1258",3,1,2,3,2,1,3,4
"1259",2,2,2,5,2,4,4,2
"1260",2,1,1,4,1,2,5,4
"1261",1,3,2,4,2,4,5,4
"1262",2,4,2,1,2,3,3,1
"1263",1,3,2,3,2,4,5,4
"1264",2,2,2,3,2,2,5,4
"1265",2,2,3,3,3,1,2,3
"1266",2,3,2,3,2,3,5,3
"1267",3,4,2,4,2,4,5,4
"1268",3,4,2,1,2,3,2,5
"1269",2,3,2,3,2,3,3,4
"1270",2,3,2,3,2,3,2,4
"1271",2,3,1,4,2,4,5,3
"1272",3,3,2,4,2,4,5,4
"1273",2,3,3,5,4,2,2,3
"1274",2,3,2,5,3,4,5,4
"1275",2,3,2,3,2,2,2,5
"1276",2,4,2,4,2,5,5,5
"1277",2,3,2,3,2,4,2,4
"1278",2,3,1,4,2,4,4,5
"1279",2,3,2,5,2,5,5,5
"1280",2,3,1,4,2,5,4,5
"1281",4,4,3,3,3,1,2,5
"1282",2,3,2,4,2,4,4,4
"1283",3,4,3,4,1,4,4,4
"1284",2,2,2,2,2,4,4,4
"1285",2,4,2,4,2,5,5,5
"1286",1,3,2,4,1,4,5,5
"1287",2,3,2,3,2,4,4,5
"1288",2,3,2,4,2,5,4,5
"1289",3,2,2,5,2,5,4,5
"1290",1,4,1,4,2,4,4,4
"1291",2,3,1,3,1,2,3,4
"1292",2,3,2,4,4,2,4,4
"1293",3,4,2,4,2,5,5,3
"1294",2,4,3,4,4,4,3,4
"1295",1,4,1,3,1,4,4,3
"1296",2,4,2,4,2,4,4,4
"1297",2,3,2,3,1,4,5,4
"1298",2,4,2,3,2,2,4,4
"1299",4,3,3,2,1,4,2,2
"1300",3,2,1,3,2,2,5,4
"1301",2,3,2,2,2,4,4,4
"1302",3,3,2,3,2,4,4,4
"1303",2,4,3,4,2,2,5,2
"1304",3,4,2,4,1,5,5,4
"1305",2,4,2,4,2,4,4,4
"1306",3,3,2,3,3,3,4,4
"1307",2,3,2,4,2,4,4,4
"1308",1,4,2,3,3,4,1,5
"1309",2,4,2,1,2,3,3,4
"1310",2,3,2,1,2,4,5,4
"1311",2,3,2,4,1,4,5,5
"1312",2,3,2,3,4,3,5,4
"1313",1,3,2,3,2,4,4,4
"1314",2,2,1,2,2,4,4,4
"1315",2,3,2,4,2,4,4,4
"1316",2,3,1,3,2,3,3,3
"1317",2,2,2,4,2,5,5,4
"1318",4,2,2,5,3,4,5,2
"1319",2,3,2,2,2,2,4,4
"1320",4,4,4,3,3,2,1,4
"1321",2,3,4,2,3,4,5,3
"1322",2,1,3,2,2,5,5,4
"1323",2,3,3,3,2,2,3,4
"1324",4,2,1,3,2,4,5,5
"1325",2,4,2,3,2,4,4,4
"1326",2,3,2,3,3,3,5,1
"1327",2,4,2,4,2,3,3,5
"1328",1,3,2,3,2,4,5,5
"1329",2,4,1,3,4,5,2,1
"1330",2,3,2,4,2,4,4,2
"1331",2,3,1,4,2,4,4,4
"1332",2,2,2,1,1,4,3,5
"1333",2,1,4,4,1,2,5,5
"1334",4,3,2,5,2,4,4,4
"1335",2,4,2,3,2,2,4,4
"1336",2,4,2,4,2,2,4,5
"1337",2,3,2,4,2,4,4,5
"1338",2,2,4,1,2,1,4,5
"1339",2,3,1,1,2,2,4,4
"1340",3,2,2,1,3,5,5,5
"1341",2,3,2,4,3,4,3,5
"1342",2,3,2,4,2,5,4,5
"1343",2,3,2,2,2,1,1,5
"1344",2,3,2,3,2,5,5,2
"1345",2,3,2,4,2,2,3,4
"1346",4,3,4,1,2,3,4,2
"1347",2,2,2,3,2,4,4,5
"1348",1,3,2,4,2,3,4,5
"1349",1,3,2,3,2,4,4,5
"1350",2,3,2,4,2,3,4,2
"1351",3,3,2,4,2,4,2,5
"1352",3,3,2,2,3,3,4,5
"1353",3,3,2,2,3,4,2,5
"1354",1,3,2,3,2,4,4,5
"1355",3,3,2,4,2,2,4,5
"1356",3,3,2,4,2,4,1,2
"1357",2,3,2,4,2,4,4,5
"1358",2,3,2,4,2,3,3,5
"1359",3,3,2,5,2,1,1,5
"1360",2,3,2,4,2,2,4,5
"1361",2,3,2,4,2,5,3,5
"1362",2,3,2,4,2,4,3,5
"1363",2,3,2,3,2,3,2,4
"1364",2,3,2,4,2,5,4,5
"1365",2,3,2,3,2,4,4,4
"1366",3,3,2,4,2,4,4,5
"1367",2,3,2,4,3,2,3,5
"1368",2,3,2,3,2,4,3,4
"1369",3,4,2,4,2,4,4,5
"1370",1,2,3,4,1,1,4,4
"1371",3,3,4,1,1,3,4,4
"1372",2,3,2,3,2,4,4,5
"1373",3,3,2,3,2,4,4,5
"1374",2,3,1,5,2,5,5,5
"1375",3,4,1,4,2,4,5,4
"1376",3,3,3,3,1,4,4,4
"1377",3,3,2,2,2,3,1,4
"1378",2,4,2,5,2,2,3,5
"1379",3,3,2,3,2,5,4,4
"1380",2,3,2,3,2,4,3,4
"1381",2,3,2,4,3,4,4,5
"1382",1,3,1,3,3,2,3,3
"1383",2,4,2,3,2,4,4,4
"1384",2,3,1,4,1,4,5,3
"1385",3,4,2,4,3,4,3,4
"1386",3,3,2,4,3,4,4,5
"1387",3,3,1,3,3,4,1,4
"1388",3,3,2,2,2,4,4,5
"1389",3,4,1,4,3,4,4,5
"1390",2,3,2,3,2,4,4,2
"1391",2,3,2,4,2,2,4,5
"1392",2,3,2,3,2,4,4,4
"1393",2,3,2,2,2,4,4,5
"1394",3,2,3,3,3,2,3,4
"1395",2,3,2,4,2,4,4,4
"1396",3,2,2,4,3,1,4,2
"1397",2,3,2,4,2,2,4,5
"1398",2,3,2,2,2,4,4,5
"1399",2,3,2,3,2,4,4,5
"1400",2,2,2,3,2,2,2,4
"1401",2,3,2,3,2,3,3,5
"1402",2,3,2,3,3,5,5,5
"1403",2,3,2,3,2,4,4,5
"1404",2,3,2,3,2,3,4,4
"1405",2,3,2,3,3,4,4,5
"1406",2,3,2,2,2,4,3,5
"1407",2,3,2,3,2,4,4,5
"1408",1,3,4,2,3,4,3,3
"1409",2,3,1,2,2,4,4,5
"1410",2,3,2,4,2,4,5,4
"1411",2,1,2,4,4,5,5,1
"1412",3,3,2,3,2,2,4,5
"1413",4,3,2,5,2,4,4,5
"1414",2,4,2,4,2,4,4,4
"1415",2,3,1,3,2,5,5,5
"1416",3,4,2,4,2,5,5,5
"1417",3,3,2,4,2,3,3,5
"1418",2,3,3,4,2,5,2,4
"1419",2,3,2,3,2,3,4,5
"1420",3,3,2,2,2,4,3,5
"1421",3,2,2,4,2,3,4,5
"1422",2,3,2,4,3,4,4,5
"1423",2,2,3,3,2,3,5,4
"1424",2,3,2,2,3,3,4,4
"1425",3,2,3,3,2,3,4,5
"1426",2,2,3,2,3,2,4,3
"1427",2,3,2,2,2,4,4,5
"1428",2,3,2,1,3,3,1,4
"1429",3,3,2,5,2,5,3,4
"1430",2,3,2,4,3,3,4,5
"1431",3,3,2,3,2,4,4,5
"1432",3,3,2,4,2,5,3,5
"1433",3,3,4,2,4,5,4,4
"1434",2,3,2,2,3,1,1,4
"1435",3,2,3,4,2,2,2,5
"1436",3,2,2,4,3,4,4,4
"1437",3,3,2,3,2,3,3,5
"1438",2,2,3,2,2,3,4,5
"1439",3,2,3,3,2,4,4,5
"1440",2,3,2,3,3,4,4,4
"1441",2,2,2,3,2,2,2,5
"1442",2,3,2,3,3,2,5,4
"1443",2,3,3,3,3,3,4,4
"1444",2,3,3,4,2,5,5,3
"1445",2,3,2,4,2,3,1,5
"1446",2,3,4,3,2,2,2,5
"1447",2,2,3,2,3,2,2,4
"1448",3,3,2,3,2,5,4,5
"1449",3,3,2,4,2,2,1,5
"1450",2,3,2,1,2,2,4,4
"1451",3,3,2,1,2,2,4,4
"1452",2,3,2,2,3,4,4,4
"1453",1,3,2,5,3,4,3,4
"1454",2,3,2,4,1,2,2,5
"1455",2,3,2,4,2,2,4,4
"1456",2,3,1,4,3,4,3,4
"1457",2,3,2,4,2,5,5,4
"1458",2,3,2,4,2,4,4,4
"1459",2,3,2,4,2,1,3,5
"1460",2,3,2,3,3,4,5,4
"1461",3,3,2,4,2,2,3,4
"1462",2,3,2,4,2,3,4,4
"1463",2,3,3,3,3,5,5,4
"1464",3,3,2,3,2,2,1,4
"1465",3,2,3,2,3,4,5,4
"1466",2,3,2,3,2,2,3,4
"1467",2,3,2,4,2,4,4,4
"1468",2,2,2,2,2,4,4,4
"1469",3,3,2,4,2,4,5,4
"1470",2,3,2,3,2,4,4,4
"1471",2,3,1,1,3,5,5,3
"1472",2,2,3,5,3,3,2,3
"1473",3,3,2,4,2,3,3,5
"1474",2,3,2,3,3,2,4,4
"1475",2,3,2,5,2,4,5,4
"1476",2,3,2,4,2,4,4,4
"1477",2,3,4,2,2,3,4,2
"1478",2,2,2,3,3,3,2,4
"1479",2,3,2,4,2,2,4,5
"1480",2,3,2,3,2,4,4,5
"1481",2,2,2,3,2,2,2,4
"1482",2,2,2,3,2,4,3,4
"1483",2,3,2,4,2,4,4,4
"1484",3,3,3,3,2,4,4,4
"1485",2,2,2,3,3,4,3,4
"1486",3,3,2,3,2,2,3,2
"1487",2,3,2,4,2,2,3,4
"1488",2,2,2,3,3,4,4,4
"1489",2,3,2,4,2,4,4,4
"1490",2,3,2,3,2,2,3,4
"1491",2,2,2,2,2,2,2,4
"1492",2,3,2,4,2,4,4,4
"1493",2,2,3,4,2,3,4,4
"1494",3,2,2,4,2,4,3,5
"1495",2,2,2,2,2,2,2,4
"1496",2,2,2,4,2,2,5,4
"1497",3,2,2,3,2,2,2,4
"1498",2,2,2,3,2,3,3,5
"1499",3,2,2,3,3,2,4,4
"1500",2,3,2,3,2,4,3,4
"1501",2,2,2,4,2,4,5,4
"1502",2,3,2,3,2,4,4,4
"1503",2,2,4,5,3,2,4,4
"1504",2,2,2,4,2,1,4,2
"1505",2,3,3,4,2,4,4,4
"1506",2,2,2,4,2,3,4,4
"1507",2,2,2,3,2,4,4,4
"1508",2,2,2,2,3,2,1,4
"1509",2,2,2,2,2,4,4,4
"1510",3,2,2,4,2,4,4,5
"1511",2,3,2,4,2,4,4,4
"1512",2,1,2,3,2,2,4,4
"1513",2,3,2,4,2,4,4,4
"1514",1,3,2,2,2,4,3,4
"1515",2,2,2,4,2,3,2,4
"1516",3,2,2,4,2,4,4,5
"1517",2,3,2,4,2,5,4,5
"1518",2,3,2,4,2,4,4,4
"1519",2,2,2,3,3,3,3,4
"1520",3,4,2,1,3,4,4,5
"1521",4,4,4,4,2,5,5,5
"1522",2,1,3,3,2,2,3,2
"1523",2,2,2,4,2,3,2,4
"1524",3,3,2,4,2,3,4,4
"1525",2,2,2,3,2,2,4,4
"1526",2,2,2,3,2,4,4,4
"1527",3,2,3,4,2,2,4,4
"1528",2,3,2,4,2,4,3,4
"1529",2,2,2,3,2,2,4,4
"1530",2,2,2,3,2,4,4,4
"1531",3,3,2,4,2,3,4,5
"1532",2,2,3,4,3,4,4,4
"1533",2,4,2,4,2,4,4,4
"1534",3,3,2,3,2,4,3,4
"1535",2,3,2,2,2,3,2,4
"1536",2,2,4,3,1,2,4,4
"1537",3,3,2,4,3,3,2,4
"1538",2,3,2,4,2,4,4,5
"1539",3,2,3,3,2,4,4,4
"1540",2,2,2,4,2,4,5,5
"1541",2,3,2,4,2,5,5,5
"1542",1,1,2,2,2,5,4,5
"1543",3,2,2,4,2,4,5,5
"1544",2,3,2,4,1,5,4,4
"1545",2,4,2,5,2,3,4,5
"1546",2,2,2,4,2,4,5,5
"1547",2,3,1,2,2,4,4,5
"1548",2,2,3,2,2,4,4,5
"1549",3,3,2,4,2,5,4,5
"1550",2,3,2,3,2,3,4,4
"1551",2,4,2,5,2,4,4,5
"1552",2,4,2,3,2,4,4,4
"1553",3,3,3,2,2,1,4,4
"1554",3,3,1,3,2,3,3,5
"1555",2,3,2,4,2,4,3,5
"1556",3,3,2,4,2,4,5,5
"1557",2,3,2,5,2,4,4,5
"1558",2,3,2,3,2,4,4,4
"1559",1,3,2,5,2,5,4,5
"1560",2,3,2,4,2,4,4,5
"1561",2,3,1,4,1,2,1,5
"1562",3,3,3,1,3,4,3,5
"1563",2,4,2,3,2,4,2,5
"1564",2,3,1,2,2,2,5,5
"1565",3,2,2,2,2,2,4,4
"1566",2,4,1,4,2,4,5,5
"1567",2,3,2,4,2,5,5,5
"1568",2,3,2,4,2,4,4,5
"1569",3,2,2,3,2,4,4,5
"1570",1,3,2,3,2,4,4,5
"1571",2,1,2,2,2,5,4,4
"1572",3,2,2,3,2,5,5,5
"1573",3,3,2,3,2,4,4,5
"1574",2,3,2,3,2,3,4,4
"1575",2,3,2,3,2,4,3,5
"1576",2,3,2,5,2,4,4,4
"1577",2,3,2,4,2,2,4,5
"1578",2,2,3,2,2,4,4,4
"1579",2,4,2,4,2,4,4,5
"1580",3,2,2,3,2,2,4,4
"1581",2,3,2,4,2,4,4,5
"1582",2,3,2,2,2,4,2,5
"1583",3,3,2,4,2,2,4,4
"1584",2,3,2,4,2,2,4,4
"1585",2,3,2,4,2,2,4,4
"1586",3,4,2,4,2,4,4,5
"1587",2,3,2,3,2,4,4,4
"1588",3,3,2,4,1,2,1,2
"1589",2,2,2,4,2,2,3,4
"1590",2,3,2,4,2,2,2,4
"1591",2,3,2,3,2,2,3,4
"1592",2,3,2,3,2,4,4,5
"1593",2,3,3,3,3,2,4,5
"1594",3,3,2,4,2,2,3,4
"1595",2,2,2,2,2,2,2,5
"1596",2,2,2,3,2,2,3,5
"1597",2,2,3,2,3,2,4,2
"1598",2,3,2,4,2,2,2,5
"1599",3,3,2,3,2,4,2,4
"1600",2,3,1,4,2,2,4,4
"1601",2,3,2,4,2,4,4,4
"1602",2,2,2,4,2,4,4,5
"1603",1,2,2,4,2,2,1,4
"1604",2,3,2,5,2,4,4,5
"1605",2,3,2,4,2,2,5,5
"1606",3,3,2,3,2,2,4,5
"1607",3,2,2,3,3,4,4,4
"1608",3,3,2,3,2,4,4,4
"1609",2,3,2,3,2,4,4,5
"1610",2,3,3,3,2,3,4,4
"1611",2,2,2,2,2,2,2,4
"1612",2,3,3,3,3,3,3,5
"1613",3,1,2,1,2,4,4,4
"1614",4,2,2,4,1,3,2,5
"1615",3,3,2,3,2,1,4,2
"1616",2,2,1,4,2,4,2,5
"1617",2,4,2,4,3,2,4,5
"1618",3,2,4,4,2,4,5,5
"1619",2,1,2,3,2,2,2,2
"1620",3,3,1,1,1,4,1,3
"1621",2,2,2,2,2,2,4,5
"1622",3,4,3,4,2,4,4,5
"1623",2,3,1,2,1,1,4,5
"1624",2,3,2,4,2,5,4,5
"1625",2,2,2,3,2,4,4,5
"1626",2,3,2,5,2,4,4,4
"1627",2,2,1,3,2,2,3,5
"1628",3,2,2,2,1,1,4,5
"1629",2,3,2,4,2,4,3,5
"1630",2,4,2,4,2,4,4,5
"1631",2,4,2,2,1,2,3,5
"1632",3,3,2,4,2,4,5,4
"1633",2,3,2,4,2,4,5,4
"1634",2,2,3,4,2,5,4,5
"1635",2,3,2,5,3,3,4,5
"1636",2,3,2,2,2,4,5,5
"1637",3,3,2,4,2,4,4,4
"1638",2,2,2,4,2,4,4,5
"1639",2,4,2,4,2,4,5,5
"1640",1,2,2,2,3,3,4,4
"1641",2,3,2,3,2,3,3,4
"1642",3,3,2,4,2,4,2,4
"1643",2,3,2,4,3,3,2,5
"1644",2,3,2,4,3,4,4,5
"1645",2,3,2,4,2,2,3,5
"1646",2,3,2,4,2,2,4,5
"1647",2,3,2,2,3,4,5,5
"1648",2,3,2,4,2,2,2,5
"1649",2,2,2,2,2,2,1,5
"1650",2,3,2,2,3,2,4,5
"1651",3,3,2,4,2,4,4,5
"1652",3,3,4,4,1,4,1,3
"1653",3,3,1,5,2,5,4,5
"1654",3,3,2,5,2,2,2,5
"1655",2,1,4,1,2,1,4,1
"1656",3,1,2,1,3,3,5,5
"1657",3,4,2,5,2,3,5,5
"1658",3,2,2,3,2,3,3,5
"1659",2,4,2,4,2,3,4,5
"1660",2,2,1,1,2,2,1,5
"1661",2,3,2,4,2,4,3,4
"1662",2,3,2,4,2,4,4,4
"1663",2,3,2,4,2,4,4,4
"1664",2,3,2,4,2,2,4,4
"1665",2,3,2,4,2,4,4,4
"1666",2,3,2,4,2,4,4,3
"1667",2,2,2,4,2,4,4,4
"1668",2,3,2,4,2,3,3,5
"1669",2,3,2,4,2,4,2,4
"1670",3,3,2,4,2,3,4,5
"1671",2,3,2,4,2,3,4,4
"1672",3,3,2,3,2,5,5,5
"1673",2,3,2,3,2,3,3,5
"1674",2,3,2,2,2,5,4,5
"1675",2,3,2,2,2,2,4,5
"1676",2,3,2,5,2,5,4,5
"1677",2,3,2,4,2,4,4,4
"1678",2,3,3,4,2,4,5,5
"1679",2,2,3,4,3,4,3,5
"1680",2,4,2,4,3,4,4,5
"1681",2,3,2,4,2,3,4,5
"1682",2,3,4,4,3,2,4,4
"1683",3,3,2,2,2,4,5,5
"1684",2,3,2,4,2,5,5,5
"1685",2,3,1,4,2,4,4,5
"1686",2,3,2,4,2,4,4,5
"1687",2,3,2,4,2,2,4,5
"1688",2,3,2,4,2,4,4,4
"1689",3,3,2,2,2,4,3,4
"1690",2,3,2,4,2,4,4,5
"1691",2,3,2,3,2,4,4,5
"1692",2,3,2,4,2,3,2,5
"1693",2,3,2,4,2,5,3,5
"1694",3,3,1,5,2,3,4,5
"1695",3,3,2,4,2,3,3,5
"1696",2,3,2,2,2,4,4,5
"1697",2,3,2,4,2,3,4,5
"1698",2,3,2,4,2,2,2,4
"1699",2,3,2,4,2,2,5,4
"1700",2,2,4,3,4,2,4,5
"1701",2,2,2,2,3,3,4,5
"1702",3,3,2,2,2,3,4,3
"1703",4,1,1,3,2,3,2,5
"1704",3,4,3,5,2,5,5,5
"1705",2,3,1,2,2,3,4,5
"1706",2,1,4,3,2,4,4,5
"1707",2,3,2,4,2,4,4,4
"1708",2,3,2,4,2,4,4,4
"1709",2,3,2,3,2,4,4,5
"1710",2,3,2,4,2,5,4,4
"1711",2,3,3,2,2,2,4,4
"1712",2,3,2,4,2,4,4,4
"1713",2,2,2,3,2,4,3,4
"1714",3,2,2,4,2,4,4,4
"1715",2,2,2,4,4,3,2,4
"1716",2,2,2,3,2,4,4,4
"1717",2,2,2,3,2,3,4,4
"1718",3,2,2,3,2,4,4,5
"1719",3,3,2,4,3,2,4,4
"1720",3,3,2,4,2,4,4,5
"1721",2,2,2,4,2,2,3,4
"1722",2,2,3,3,3,2,2,4
"1723",3,2,2,5,2,4,4,5
"1724",2,1,2,3,3,1,5,3
"1725",2,3,2,4,2,4,4,4
"1726",2,3,2,4,2,4,4,4
"1727",2,2,2,4,2,2,4,4
"1728",3,2,2,2,3,2,2,4
"1729",4,2,4,1,4,4,4,4
"1730",3,2,1,5,2,4,4,4
"1731",3,3,2,4,2,4,4,4
"1732",3,3,2,4,3,4,4,5
"1733",2,2,2,3,3,4,4,4
"1734",2,2,2,4,2,4,4,5
"1735",2,3,2,3,2,4,2,4
"1736",3,3,2,4,2,5,3,5
"1737",4,3,2,4,2,4,2,5
"1738",4,3,2,3,2,4,3,4
"1739",3,3,2,4,2,5,5,5
"1740",2,3,2,4,3,2,2,5
"1741",2,3,2,4,2,2,2,5
"1742",2,3,2,4,2,3,4,4
"1743",2,2,2,3,2,3,3,5
"1744",2,3,1,4,2,4,5,5
"1745",2,3,2,4,2,4,4,4
"1746",2,2,2,4,2,2,1,4
"1747",2,2,2,3,2,4,4,4
"1748",3,3,2,4,2,4,4,5
"1749",2,2,2,4,2,5,4,4
"1750",3,3,2,1,2,4,4,4
"1751",2,3,2,3,2,4,4,4
"1752",2,3,2,2,2,4,4,4
"1753",2,2,2,4,1,4,4,4
"1754",3,1,1,2,4,2,3,4
"1755",1,2,1,4,4,4,5,3
"1756",2,3,2,4,2,4,4,4
"1757",2,3,2,4,2,4,5,4
"1758",2,3,2,4,2,4,4,4
"1759",2,3,1,3,2,4,4,4
"1760",2,3,2,4,2,4,4,4
"1761",3,2,2,4,2,4,4,4
"1762",3,2,2,3,2,2,4,4
"1763",2,3,2,5,1,5,4,4
"1764",2,3,2,4,2,4,4,5
"1765",2,3,2,5,2,2,4,5
"1766",3,3,2,4,2,4,4,5
"1767",2,2,2,4,2,4,3,4
"1768",1,2,2,5,2,4,3,5
"1769",2,4,2,4,2,4,5,5
"1770",4,2,2,2,1,3,4,5
"1771",3,3,1,5,1,4,2,5
"1772",2,3,2,5,2,4,4,5
"1773",3,3,2,4,2,3,4,5
"1774",2,3,1,2,2,3,3,5
"1775",1,4,4,1,3,3,3,5
"1776",3,3,1,5,1,3,3,5
"1777",2,2,2,2,2,4,3,5
"1778",2,2,2,2,2,4,4,4
"1779",2,3,2,4,2,3,3,4
"1780",2,3,1,4,2,5,5,5
"1781",2,3,2,5,2,2,3,5
"1782",2,4,2,4,2,4,4,4
"1783",2,1,3,5,3,3,2,4
"1784",2,2,2,2,2,2,4,5
"1785",2,3,2,3,2,4,4,5
"1786",2,3,2,4,2,4,4,5
"1787",2,3,2,2,2,5,3,5
"1788",2,3,2,3,2,3,2,4
"1789",3,3,2,4,2,5,4,5
"1790",2,3,2,4,2,5,4,5
"1791",2,3,2,2,3,5,4,5
"1792",2,3,2,4,2,5,4,4
"1793",2,3,2,3,2,3,2,5
"1794",2,3,2,4,2,4,4,5
"1795",2,3,2,4,3,4,3,5
"1796",2,3,2,4,2,4,4,5
"1797",2,3,2,2,3,4,3,4
"1798",4,2,3,2,3,3,3,4
"1799",2,3,2,3,2,2,1,5
"1800",2,3,2,4,2,4,3,5
"1801",2,3,2,4,2,4,3,4
"1802",3,3,2,4,2,3,4,5
"1803",2,3,2,4,2,5,3,5
"1804",2,1,3,3,3,4,4,4
"1805",3,3,2,3,2,4,4,4
"1806",2,3,1,2,2,2,4,4
"1807",3,3,2,4,2,5,3,5
"1808",3,3,2,4,2,5,4,5
"1809",2,3,2,4,2,3,4,4
"1810",3,3,2,4,2,5,4,5
"1811",3,3,2,4,2,5,3,5
"1812",2,3,2,4,2,5,4,4
"1813",2,3,2,4,2,4,4,4
"1814",2,3,2,4,2,4,4,5
"1815",2,3,2,4,2,5,2,5
"1816",2,3,2,4,2,4,4,5
"1817",2,3,2,4,2,5,4,4
"1818",2,3,2,4,2,4,4,5
"1819",2,3,2,3,2,4,4,4
"1820",3,2,2,2,2,4,4,4
"1821",1,4,2,2,2,4,5,4
"1822",3,3,2,3,2,4,2,4
"1823",2,3,2,3,2,5,5,4
"1824",2,2,2,3,2,4,4,5
"1825",3,3,2,3,2,4,4,4
"1826",3,2,3,3,2,4,4,4
"1827",2,3,2,3,2,3,2,4
"1828",2,3,2,3,2,4,4,4
"1829",3,3,2,4,2,4,3,4
"1830",2,2,2,3,2,4,4,4
"1831",2,2,3,3,2,2,1,4
"1832",2,2,2,2,2,4,4,4
"1833",2,3,2,3,2,2,3,4
"1834",2,3,2,3,2,4,4,4
"1835",2,2,2,3,2,4,1,4
"1836",3,2,2,3,2,4,4,4
"1837",1,2,2,2,2,4,4,4
"1838",2,3,2,5,2,5,2,5
"1839",2,3,2,3,2,4,4,4
"1840",2,2,3,5,2,3,2,5
"1841",2,3,2,3,2,3,2,5
"1842",2,3,2,3,2,3,4,4
"1843",2,3,2,3,2,4,4,4
"1844",2,3,2,3,2,2,3,4
"1845",2,3,2,4,2,4,4,4
"1846",2,3,2,4,3,3,2,5
"1847",2,3,2,2,2,4,3,5
"1848",2,3,2,4,2,4,3,5
"1849",2,3,2,4,2,5,4,5
"1850",2,2,2,4,2,4,4,5
"1851",2,3,2,1,2,3,3,5
"1852",2,3,2,3,2,4,4,5
"1853",2,3,2,3,2,4,5,5
"1854",2,3,2,4,2,4,4,5
"1855",2,4,2,5,2,5,5,5
"1856",2,3,2,2,2,3,5,5
"1857",2,3,2,4,2,4,3,5
"1858",2,4,2,4,2,3,4,5
"1859",2,3,2,4,2,4,4,5
"1860",2,3,2,2,2,2,3,5
"1861",2,3,2,2,2,2,4,5
"1862",2,4,2,4,2,4,4,5
"1863",2,3,2,4,2,4,4,5
"1864",2,3,2,3,2,5,4,5
"1865",2,3,2,4,2,2,4,5
"1866",2,3,2,2,3,4,4,5
"1867",2,2,2,1,2,2,4,5
"1868",2,3,2,3,2,2,4,5
"1869",2,2,2,2,2,2,1,5
"1870",2,4,2,5,2,3,4,5
"1871",2,3,2,2,2,4,4,5
"1872",2,3,2,4,3,5,5,5
"1873",2,3,2,2,3,2,4,5
"1874",2,3,2,4,2,4,4,5
"1875",2,3,2,2,2,5,5,5
"1876",2,4,2,4,2,5,5,5
"1877",2,4,2,4,2,2,4,5
"1878",2,3,2,4,2,4,4,5
"1879",2,3,2,4,3,5,4,5
"1880",2,3,2,4,2,2,3,5
"1881",2,3,2,2,2,4,4,4
"1882",2,3,2,4,2,4,4,5
"1883",2,3,2,5,2,3,4,5
"1884",2,1,2,2,3,2,1,5
"1885",2,2,2,3,2,3,4,5
"1886",3,3,2,5,2,5,4,5
"1887",3,3,2,5,2,3,4,5
"1888",2,3,2,3,2,2,3,4
"1889",2,3,2,2,4,3,3,4
"1890",2,3,2,3,2,2,3,4
"1891",2,3,2,4,2,2,4,5
"1892",2,2,2,3,4,1,4,3
"1893",2,2,2,3,2,1,1,4
"1894",2,3,2,4,2,4,4,4
"1895",2,3,2,4,2,5,5,5
"1896",2,3,2,3,2,4,2,4
"1897",3,2,2,2,2,3,2,4
"1898",3,3,2,2,2,4,4,5
"1899",3,3,2,3,2,2,4,5
"1900",2,3,2,1,2,3,2,5
"1901",2,3,2,2,2,4,4,5
"1902",2,3,2,1,2,3,2,5
"1903",3,3,2,3,2,3,4,4
"1904",3,3,2,2,2,5,3,5
"1905",4,4,4,1,4,2,2,2
"1906",2,3,2,4,2,3,4,5
"1907",2,3,2,3,1,5,3,4
"1908",4,3,2,3,2,5,2,5
"1909",2,4,2,4,2,4,3,4
"1910",3,3,2,3,2,4,4,5
"1911",2,3,2,4,3,4,4,5
"1912",2,4,2,4,2,5,5,5
"1913",3,3,2,5,2,5,4,5
"1914",2,3,2,4,2,4,3,4
"1915",2,3,2,4,2,5,4,5
"1916",2,3,2,4,2,5,5,5
"1917",2,3,2,4,1,4,2,5
"1918",2,3,2,4,2,4,4,5
"1919",2,3,2,3,2,3,4,4
"1920",2,3,2,4,2,4,5,5
"1921",1,4,3,3,1,4,3,5
"1922",3,3,2,4,2,2,4,5
"1923",2,3,2,5,4,4,5,5
"1924",2,3,2,5,2,4,5,5
"1925",2,2,2,2,2,5,4,5
"1926",2,3,2,5,2,4,5,5
"1927",2,3,2,5,2,4,4,5
"1928",1,3,1,5,1,4,4,4
"1929",2,3,2,4,2,4,4,4
"1930",3,3,2,5,2,4,4,4
"1931",3,3,2,4,2,4,4,4
"1932",2,3,2,2,2,5,4,5
"1933",2,2,2,2,2,4,4,5
"1934",2,3,2,4,2,4,4,4
"1935",1,3,3,3,2,4,5,5
"1936",2,4,3,4,2,4,4,5
"1937",2,3,2,3,2,4,4,4
"1938",2,3,1,3,2,4,4,4
"1939",3,3,3,3,2,3,2,4
"1940",1,4,1,3,2,2,4,4
"1941",1,4,4,3,2,2,4,4
"1942",3,4,2,4,2,4,4,4
"1943",2,3,2,4,2,4,4,4
"1944",4,3,1,3,2,4,5,4
"1945",2,3,2,4,2,4,4,4
"1946",3,3,2,3,2,2,5,4
"1947",2,2,2,3,3,4,1,4
"1948",3,3,1,5,3,4,4,4
"1949",2,3,2,4,2,3,4,4
"1950",2,3,2,4,2,4,4,4
"1951",2,3,2,4,2,4,5,4
"1952",1,4,4,3,1,3,3,4
"1953",2,3,2,4,2,3,5,5
"1954",2,3,2,4,2,5,5,5
"1955",2,4,2,4,2,5,5,5
"1956",3,3,2,3,2,3,2,5
"1957",2,3,2,4,2,4,4,5
"1958",2,3,2,4,2,5,4,5
"1959",2,3,2,4,2,4,4,5
"1960",2,3,2,4,2,2,2,5
"1961",2,3,2,4,2,4,4,5
"1962",2,3,2,5,2,3,3,4
"1963",2,3,2,4,2,4,4,5
"1964",2,4,2,4,2,5,5,5
"1965",3,3,2,4,2,4,5,5
"1966",2,3,2,4,2,4,2,5
"1967",2,3,2,3,2,4,4,5
"1968",1,3,4,4,4,4,4,4
"1969",2,3,3,3,3,2,4,5
"1970",2,3,2,4,2,4,4,4
"1971",2,4,2,4,1,4,4,5
"1972",2,3,2,4,2,4,4,4
"1973",1,3,2,4,2,4,3,4
"1974",2,4,2,4,2,4,4,4
"1975",2,3,2,4,2,4,4,4
"1976",2,3,2,4,2,4,4,5
"1977",2,4,2,4,2,4,2,5
"1978",1,3,2,1,2,3,3,5
"1979",3,3,2,3,1,3,2,4
"1980",3,3,2,3,2,5,5,5
"1981",3,4,1,5,2,4,4,5
"1982",2,3,2,4,2,4,4,5
"1983",2,3,2,4,2,4,4,4
"1984",3,4,2,2,2,2,2,5
"1985",3,3,2,4,2,4,4,5
"1986",3,4,2,4,2,4,4,5
"1987",1,4,4,1,1,5,4,4
"1988",2,2,2,3,1,1,4,5
"1989",2,4,2,4,2,5,5,5
"1990",2,3,2,2,1,2,4,5
"1991",1,3,3,5,3,1,2,5
"1992",2,1,2,4,2,3,5,4
"1993",2,3,2,4,2,4,2,5
"1994",2,2,4,4,1,4,2,5
"1995",2,2,2,1,3,4,4,5
"1996",2,3,2,4,2,4,3,4
"1997",2,4,2,4,2,4,4,4
"1998",2,3,2,5,2,4,5,5
"1999",2,2,2,3,2,2,3,5
"2000",2,3,2,5,2,2,4,5
"2001",2,2,2,2,2,2,2,5
"2002",3,1,4,4,4,5,5,5
"2003",2,2,1,4,2,2,3,5
"2004",2,3,2,5,2,2,2,5
"2005",2,3,2,3,2,3,4,5
"2006",2,2,2,1,4,4,5,1
"2007",2,2,2,3,2,4,4,5
"2008",2,3,2,3,2,3,4,4
"2009",2,3,2,4,2,3,4,5
"2010",2,3,2,1,2,1,1,5
"2011",2,4,2,4,2,5,3,5
"2012",2,3,2,4,2,3,4,4
"2013",3,3,2,4,2,4,4,4
"2014",2,2,2,4,4,4,3,4
"2015",2,2,2,4,3,2,2,4
"2016",2,2,2,2,3,2,1,2
"2017",2,3,2,4,2,4,4,4
"2018",2,4,2,4,2,4,4,4
"2019",3,3,2,4,3,5,5,5
"2020",2,3,2,4,2,3,4,5
"2021",2,3,2,4,2,5,5,5
"2022",2,2,2,3,2,4,4,5
"2023",2,2,2,2,2,4,2,5
"2024",2,3,2,3,2,4,4,5
"2025",2,4,2,4,2,2,4,5
"2026",2,3,2,4,2,3,5,5
"2027",2,3,2,3,2,3,3,4
"2028",3,3,2,2,2,4,3,4
"2029",2,3,2,4,2,4,4,5
"2030",2,3,2,4,2,3,2,2
"2031",2,3,2,4,2,4,3,4
"2032",3,2,2,4,2,5,4,5
"2033",2,2,2,4,1,2,3,4
"2034",2,2,2,4,2,3,2,4
"2035",3,3,2,4,2,2,3,4
"2036",2,3,2,4,2,4,4,4
"2037",2,3,2,4,2,5,5,5
"2038",3,3,2,4,2,4,2,5
"2039",2,2,1,4,2,2,4,4
"2040",3,3,2,4,2,5,5,4
"2041",2,2,2,2,2,2,4,4
"2042",2,3,2,4,2,2,2,4
"2043",2,2,2,4,2,2,3,4
"2044",2,4,1,1,2,2,4,5
"2045",2,3,2,4,2,1,4,5
"2046",2,2,3,1,3,1,1,1
"2047",2,4,2,4,2,4,4,4
"2048",2,3,1,4,2,4,3,5
"2049",2,1,2,2,2,3,1,1
"2050",2,4,2,1,2,1,1,5
"2051",2,4,2,2,2,4,4,5
"2052",2,2,2,4,2,2,1,4
"2053",2,4,2,4,2,4,4,5
"2054",3,2,2,4,3,4,4,4
"2055",4,4,2,4,2,3,2,5
"2056",4,4,2,1,2,1,4,4
"2057",3,4,2,4,2,4,4,4
"2058",2,4,2,4,3,2,4,5
"2059",2,4,2,4,2,5,5,5
"2060",2,4,2,5,2,5,5,5
"2061",2,4,2,4,2,3,3,5
"2062",2,4,1,4,2,2,3,5
"2063",2,3,2,4,2,2,2,5
"2064",3,3,2,2,3,5,4,5
"2065",2,3,2,4,2,3,3,5
"2066",2,3,2,5,1,3,3,5
"2067",2,2,2,2,3,1,3,5
"2068",2,3,2,3,2,4,4,5
"2069",3,4,2,4,2,4,4,5
"2070",2,3,2,3,2,3,2,5
"2071",2,3,2,2,2,1,1,5
"2072",2,4,1,4,2,3,4,5
"2073",2,3,2,3,2,2,4,5
"2074",2,4,2,5,2,5,4,5
"2075",2,3,2,3,2,4,3,4
"2076",2,3,1,4,2,4,4,5
"2077",2,2,2,2,3,5,5,5
"2078",3,2,2,3,3,1,5,4
"2079",3,1,2,2,2,1,3,5
"2080",2,2,2,2,2,5,4,5
"2081",2,3,1,4,2,4,4,5
"2082",2,2,2,4,3,4,2,4
"2083",3,2,2,2,2,2,4,4
"2084",2,3,2,2,3,2,2,4
"2085",2,2,2,4,3,4,4,5
"2086",2,3,2,4,3,2,1,5
"2087",2,3,3,2,3,4,2,2
"2088",2,3,4,3,3,2,2,5
"2089",3,3,2,4,2,2,1,5
"2090",2,3,1,3,2,3,5,5
"2091",3,3,2,3,2,2,1,5
"2092",2,3,2,5,3,2,2,5
"2093",3,3,2,4,2,2,4,5
"2094",3,3,2,4,3,3,4,4
"2095",2,4,1,3,2,2,3,5
"2096",2,2,3,1,2,4,4,2
"2097",2,3,3,4,3,5,5,4
"2098",3,3,2,4,2,4,4,5
"2099",2,3,2,4,2,4,4,5
"2100",2,3,2,4,3,2,2,4
"2101",2,3,2,4,2,4,3,4
"2102",2,4,4,3,2,3,2,4
"2103",2,3,2,4,3,4,4,4
"2104",2,3,2,4,2,2,3,4
"2105",4,3,1,4,2,4,4,4
"2106",2,4,1,1,2,2,2,5
"2107",2,4,1,5,1,3,1,5
"2108",2,4,2,4,2,4,2,5
"2109",2,3,2,4,2,3,4,4
"2110",2,4,2,4,2,5,5,4
"2111",2,3,2,3,2,4,4,4
"2112",2,4,1,5,1,3,2,5
"2113",2,4,2,1,2,4,4,5
"2114",2,4,2,4,2,5,5,5
"2115",2,4,1,4,2,5,5,5
"2116",2,3,2,4,2,3,4,5
"2117",2,4,1,4,2,4,4,5
"2118",2,4,2,2,1,4,4,5
"2119",2,3,2,1,3,3,4,5
"2120",1,3,3,1,2,3,4,2
"2121",2,4,2,4,2,4,2,5
"2122",2,4,2,4,2,5,5,5
"2123",2,3,2,4,2,4,4,4
"2124",2,3,2,4,2,3,3,4
"2125",2,1,4,3,2,4,3,4
"2126",2,3,2,4,2,3,4,4
"2127",2,3,1,3,2,4,3,5
"2128",2,3,2,3,2,3,4,4
"2129",2,3,2,5,1,4,4,4
"2130",3,3,1,3,2,4,4,5
"2131",2,3,2,4,2,5,5,4
"2132",3,3,2,4,2,4,4,4
"2133",2,3,2,3,2,3,3,5
"2134",1,3,2,3,2,3,2,4
"2135",3,3,2,4,2,4,4,4
"2136",3,1,3,3,2,1,5,4
"2137",2,3,2,5,2,4,4,5
"2138",2,3,2,3,2,3,3,5
"2139",2,3,2,4,2,4,4,4
"2140",2,3,2,4,3,4,4,5
"2141",2,3,2,4,2,3,3,4
"2142",3,2,3,4,2,4,5,1
"2143",3,4,2,2,2,2,2,5
"2144",2,2,2,2,3,2,4,5
"2145",2,2,2,4,2,4,4,5
"2146",2,2,2,1,3,1,1,5
"2147",2,3,2,3,2,2,4,5
"2148",2,3,3,2,2,2,4,4
"2149",2,2,2,2,2,4,4,4
"2150",2,3,2,4,2,2,4,5
"2151",2,2,2,3,3,4,4,4
"2152",3,2,2,3,2,4,4,5
"2153",3,3,2,4,2,4,4,5
"2154",2,2,2,3,4,4,1,5
"2155",2,2,2,4,2,4,4,5
"2156",2,2,4,3,2,4,3,4
"2157",3,3,2,3,2,2,4,5
"2158",2,3,2,4,2,1,3,4
"2159",3,2,2,4,2,4,4,4
"2160",2,2,2,4,3,3,3,5
"2161",2,2,2,4,2,2,1,4
"2162",2,3,2,3,2,2,4,4
"2163",3,3,3,3,3,2,3,3
"2164",2,3,2,3,2,2,3,4
"2165",2,3,2,4,2,1,4,4
"2166",3,3,2,4,2,4,5,5
"2167",2,1,3,1,2,2,2,4
"2168",2,2,2,3,2,2,4,4
"2169",4,2,1,2,2,1,4,4
"2170",2,2,2,2,2,1,4,4
"2171",3,4,2,4,2,4,5,4
"2172",2,1,3,3,3,4,5,5
"2173",2,2,2,4,2,2,3,4
"2174",2,3,2,4,2,2,4,5
"2175",2,3,2,3,2,2,4,4
"2176",2,3,2,2,2,4,4,4
"2177",2,3,2,3,2,4,4,4
"2178",3,3,2,4,2,2,3,4
"2179",2,3,2,3,2,2,4,4
"2180",2,2,2,3,2,1,4,4
"2181",2,3,2,3,2,3,4,4
"2182",2,3,2,3,2,4,4,4
"2183",2,1,2,3,2,4,4,5
"2184",2,2,2,3,3,2,2,2
"2185",2,3,2,4,2,4,4,4
"2186",2,2,2,3,2,2,4,4
"2187",2,2,2,3,2,4,4,5
"2188",2,3,2,3,2,2,4,4
"2189",3,3,2,4,2,3,4,4
"2190",2,2,2,5,3,4,4,5
"2191",2,3,2,4,2,3,2,5
"2192",2,2,2,3,3,2,4,4
"2193",2,2,2,1,2,4,4,4
"2194",2,3,2,3,2,3,4,4
"2195",1,1,2,4,3,5,4,4
"2196",2,2,2,2,2,2,2,4
"2197",2,4,1,5,2,3,3,5
"2198",2,2,4,2,3,2,3,4
"2199",2,2,2,3,2,2,5,4
"2200",1,2,2,4,2,2,3,4
"2201",2,2,3,3,3,1,3,4
"2202",2,2,3,2,3,1,3,2
"2203",2,2,2,4,2,2,4,5
"2204",2,2,2,2,2,2,4,4
"2205",3,3,2,4,3,3,3,4
"2206",4,3,3,3,3,2,5,4
"2207",2,4,2,4,2,4,1,4
"2208",2,4,2,3,2,2,4,4
"2209",1,1,2,2,2,2,2,4
"2210",3,4,2,4,2,4,3,4
"2211",2,4,2,1,2,3,3,3
"2212",3,3,2,2,2,4,3,4
"2213",3,3,2,4,2,2,4,5
"2214",2,3,1,4,2,2,1,4
"2215",3,4,1,4,2,4,4,5
"2216",2,3,3,3,2,2,4,4
"2217",3,2,2,2,1,1,5,4
"2218",2,3,1,4,2,4,5,4
"2219",2,3,2,2,2,2,4,4
"2220",3,3,1,4,2,3,4,4
"2221",2,1,2,4,3,5,4,4
"2222",2,3,2,3,2,4,2,4
"2223",2,3,2,4,2,2,2,4
"2224",2,2,3,3,2,2,4,4
"2225",1,3,2,4,1,2,2,4
"2226",2,3,2,4,2,4,4,4
"2227",2,4,2,4,2,5,5,4
"2228",2,4,2,4,2,4,5,5
"2229",2,3,2,4,2,4,4,4
"2230",3,3,2,3,2,5,5,5
"2231",2,4,1,4,2,4,4,4
"2232",3,3,2,1,3,4,5,5
"2233",2,3,1,4,2,5,5,4
"2234",2,3,2,4,3,4,5,5
"2235",2,3,2,4,2,4,5,4
"2236",2,2,2,4,2,2,4,4
"2237",3,3,3,4,2,4,5,4
"2238",2,4,2,4,2,5,5,5
"2239",2,3,2,3,2,4,5,4
"2240",2,3,2,4,2,5,4,4
"2241",2,3,2,4,2,5,4,5
"2242",2,3,2,2,2,3,3,5
"2243",2,3,2,3,2,4,4,4
"2244",2,3,2,2,2,4,5,5
"2245",2,4,2,4,1,4,5,4
"2246",2,4,2,4,2,5,5,5
"2247",3,4,2,4,2,5,5,5
"2248",2,3,2,4,2,4,3,4
"2249",2,3,2,4,2,5,5,5
"2250",2,4,2,3,2,5,5,5
"2251",3,4,2,4,2,5,5,5
"2252",2,3,2,4,2,4,3,5
"2253",2,3,2,4,2,4,4,5
"2254",3,4,2,4,2,5,5,5
"2255",2,3,2,3,2,4,3,5
"2256",3,4,2,3,2,4,4,4
"2257",2,3,2,3,2,4,4,4
"2258",3,3,2,4,2,4,4,5
"2259",2,3,2,4,2,4,4,5
"2260",3,3,2,3,2,4,4,5
"2261",2,4,2,4,2,5,5,4
"2262",2,4,2,4,2,4,4,4
"2263",2,4,2,4,2,4,4,4
"2264",2,2,4,1,4,4,5,4
"2265",2,3,2,4,2,4,4,4
"2266",2,3,2,4,2,4,4,4
"2267",2,4,2,3,1,3,4,4
"2268",2,4,2,4,2,4,2,4
"2269",2,3,2,4,2,4,4,4
"2270",2,4,4,4,2,5,5,4
"2271",2,4,2,4,2,5,5,4
"2272",2,4,2,4,2,3,4,5
"2273",2,4,2,4,2,4,4,4
"2274",2,3,3,3,2,5,4,4
"2275",2,4,2,4,1,2,3,4
"2276",2,3,2,4,1,4,4,4
"2277",3,3,3,2,3,2,3,4
"2278",1,3,1,4,3,4,4,5
"2279",2,4,2,4,2,5,5,4
"2280",2,2,2,4,2,4,3,4
"2281",2,3,2,4,2,2,2,4
"2282",2,3,3,4,3,2,4,4
"2283",2,4,3,4,2,3,4,4
"2284",3,3,2,5,3,4,4,5
"2285",3,3,2,3,2,4,4,5
"2286",3,3,2,4,2,3,4,5
"2287",3,2,2,3,2,3,2,5
"2288",3,3,2,4,2,5,4,5
"2289",3,2,2,4,2,3,4,5
"2290",2,2,2,3,2,4,5,5
"2291",2,3,2,4,2,4,4,5
"2292",2,3,2,3,2,4,3,4
"2293",2,3,3,4,2,4,5,5
"2294",3,3,2,2,2,2,3,5
"2295",2,3,2,4,2,4,4,5
"2296",2,3,2,3,2,1,2,5
"2297",2,3,2,2,2,5,3,5
"2298",2,3,1,3,2,4,3,5
"2299",2,2,2,4,2,4,4,4
"2300",2,4,1,4,2,4,4,5
"2301",2,3,2,2,2,2,2,5
"2302",2,3,2,2,2,2,4,5
"2303",3,3,2,2,2,2,3,5
"2304",3,3,2,2,3,4,4,4
"2305",1,1,2,1,2,4,3,4
"2306",3,3,2,3,2,4,4,5
"2307",2,3,2,5,2,4,4,5
"2308",3,3,2,4,2,4,5,5
"2309",2,4,2,5,2,4,4,5
"2310",3,2,2,3,2,3,3,5
"2311",2,3,2,3,2,4,3,4
"2312",3,3,2,4,2,4,3,5
"2313",3,3,2,2,2,5,4,5
"2314",2,3,2,2,2,4,3,5
"2315",2,3,2,4,2,2,3,5
"2316",2,3,2,4,2,2,2,5
"2317",2,3,2,4,2,3,4,5
"2318",2,2,2,3,2,1,2,5
"2319",1,2,2,2,2,1,1,5
"2320",3,4,2,4,2,4,4,5
"2321",2,3,2,3,2,4,4,5
"2322",2,3,1,4,2,3,4,5
"2323",3,3,2,4,2,4,4,4
"2324",3,3,1,4,2,3,4,5
"2325",2,3,2,4,2,5,4,5
"2326",3,3,2,4,2,5,4,5
"2327",2,2,2,4,2,3,4,4
"2328",1,3,2,3,2,4,4,4
"2329",3,3,2,3,2,3,4,5
"2330",2,3,2,4,2,5,3,5
"2331",3,2,2,3,2,5,4,5
"2332",4,3,2,5,3,2,4,5
"2333",2,3,2,4,2,4,4,5
"2334",3,3,2,4,2,4,4,5
"2335",2,3,2,3,2,5,5,5
"2336",2,3,2,4,2,4,4,5
"2337",2,3,2,4,2,4,5,5
"2338",2,3,2,4,2,4,5,5
"2339",2,2,2,2,3,2,4,4
"2340",2,3,2,4,2,4,5,4
"2341",2,4,2,4,2,4,5,4
"2342",2,3,2,3,2,5,5,4
"2343",3,3,2,3,2,5,5,5
"2344",2,2,2,2,3,5,4,3
"2345",3,3,2,4,2,5,5,2
"2346",2,3,2,4,2,4,5,4
"2347",2,2,2,4,2,4,4,5
"2348",2,3,2,4,3,3,4,4
"2349",2,3,2,3,2,4,3,4
"2350",2,3,2,2,3,4,5,5
"2351",2,2,2,1,2,4,4,1
"2352",3,3,2,3,2,5,5,5
"2353",2,3,2,2,2,5,5,1
"2354",2,3,2,4,2,4,5,4
"2355",2,3,2,5,3,4,5,5
"2356",3,3,2,2,3,4,4,4
"2357",2,3,2,4,2,4,5,5
"2358",2,3,2,4,2,5,4,5
"2359",3,3,2,4,2,4,5,4
"2360",2,3,3,2,3,5,5,1
"2361",2,3,2,4,2,3,4,5
"2362",2,3,2,5,2,5,5,5
"2363",2,3,2,4,2,2,4,4
"2364",2,2,2,4,2,4,4,5
"2365",3,4,2,4,2,5,5,5
"2366",2,3,2,4,2,5,5,5
"2367",2,3,2,4,2,3,4,5
"2368",2,3,2,3,2,4,4,5
"2369",2,3,2,4,2,4,4,5
"2370",2,3,2,5,2,5,5,5
"2371",2,3,2,2,2,2,4,5
"2372",3,3,2,4,2,2,5,5
"2373",2,3,2,2,2,3,5,5
"2374",2,3,2,4,2,4,4,5
"2375",3,3,2,2,2,5,5,4
"2376",2,3,2,1,2,3,4,5
"2377",2,3,2,3,2,3,2,4
"2378",2,4,3,1,2,5,5,3
"2379",2,3,2,3,2,5,1,5
"2380",2,4,2,1,2,5,5,1
"2381",2,4,2,4,2,5,5,5
"2382",2,3,2,3,2,4,4,5
"2383",3,3,2,3,3,3,3,5
"2384",2,4,2,5,2,5,5,5
"2385",2,4,2,4,3,4,4,4
"2386",2,3,2,5,2,4,5,5
"2387",2,2,2,3,1,2,5,5
"2388",3,4,1,5,2,4,4,5
"2389",2,2,2,2,2,2,3,5
"2390",2,2,2,2,1,2,2,5
"2391",3,3,2,4,2,5,5,5
"2392",3,2,2,3,3,3,4,4
"2393",3,3,2,3,2,4,3,5
"2394",3,3,1,5,2,3,4,5
"2395",3,2,2,5,3,5,5,5
"2396",3,3,1,5,2,5,5,5
"2397",2,3,2,2,2,1,1,5
"2398",2,3,2,4,2,2,3,5
"2399",2,4,2,4,1,3,3,5
"2400",2,3,2,4,2,5,5,5
"2401",2,2,2,4,2,5,5,5
"2402",2,2,2,3,3,5,5,5
"2403",3,3,2,2,2,4,5,5
"2404",3,3,2,5,3,5,5,5
"2405",2,3,2,4,2,4,4,4
"2406",2,3,1,2,3,5,5,5
"2407",3,4,2,1,2,2,4,5
"2408",2,3,1,5,1,5,4,5
"2409",2,2,1,5,2,5,5,1
"2410",2,3,2,2,2,2,5,5
"2411",2,3,2,4,2,4,5,4
"2412",1,3,2,4,2,5,5,5
"2413",3,4,2,5,1,4,4,5
"2414",2,4,2,4,2,4,5,5
"2415",2,3,1,5,1,2,4,5
"2416",2,4,2,4,3,2,4,4
"2417",2,1,3,3,2,2,2,5
"2418",1,2,1,4,2,3,5,5
"2419",2,2,1,4,2,4,4,5
"2420",2,1,2,3,3,4,5,5
"2421",3,4,2,4,2,4,4,5
"2422",3,3,2,4,2,4,3,5
"2423",3,4,1,4,1,4,4,5
"2424",4,4,2,3,2,4,5,5
"2425",1,3,3,3,2,4,4,4
"2426",3,2,2,5,2,4,5,4
"2427",3,4,4,3,3,5,1,4
"2428",2,4,2,4,2,4,4,4
"2429",2,2,2,2,2,4,4,5
"2430",2,2,2,4,2,3,4,5
"2431",2,4,2,3,2,4,4,4
"2432",2,2,2,2,2,4,4,4
"2433",2,2,2,4,2,4,3,5
"2434",3,3,1,4,3,4,4,4
"2435",2,3,2,2,2,4,4,5
"2436",2,4,2,5,2,4,4,5
"2437",2,4,2,4,2,3,4,5
"2438",2,4,2,4,2,4,4,5
"2439",3,4,2,4,2,4,4,5
"2440",3,3,2,4,3,4,4,5
"2441",2,3,2,2,2,4,4,5
"2442",3,3,2,5,2,1,5,5
"2443",2,2,3,4,2,2,5,1
"2444",2,4,2,4,2,4,4,4
"2445",2,4,2,4,2,4,4,4
"2446",2,4,2,5,2,5,5,5
"2447",2,4,1,2,2,3,4,5
"2448",3,4,2,5,2,4,4,4
"2449",2,4,1,5,2,4,5,5
"2450",2,3,2,4,2,3,4,4
"2451",2,4,2,1,2,3,2,5
"2452",3,2,2,4,2,3,4,4
"2453",3,3,2,4,2,5,4,5
"2454",2,3,2,5,2,4,5,5
"2455",3,3,2,5,2,4,4,5
"2456",1,4,1,5,3,4,5,5
"2457",2,3,2,4,2,5,5,5
"2458",2,3,2,4,2,4,4,4
"2459",2,3,2,4,2,3,3,4
"2460",2,3,2,2,2,2,2,5
"2461",2,3,2,4,2,4,4,4
"2462",2,4,2,4,2,4,4,4
"2463",2,3,2,4,2,4,4,4
"2464",3,4,2,4,3,3,4,4
"2465",2,3,2,2,2,5,4,5
"2466",4,2,3,3,2,2,4,2
"2467",1,3,2,3,2,5,3,5
"2468",2,3,3,4,2,4,4,4
"2469",1,1,3,1,3,2,2,2
"2470",2,3,2,3,2,2,3,5
"2471",2,3,2,3,2,2,4,5
"2472",2,3,2,4,2,3,2,4
"2473",2,4,3,4,2,4,5,4
"2474",2,3,2,3,3,1,2,2
"2475",2,2,4,4,2,2,4,4
"2476",4,3,2,1,4,3,2,3
"2477",3,4,2,3,2,3,5,4
"2478",3,3,2,2,4,4,1,5
"2479",3,3,2,4,2,4,2,5
"2480",2,3,2,4,2,4,4,5
"2481",2,4,1,3,1,2,4,5
"2482",4,2,2,1,2,4,5,4
"2483",2,3,1,4,2,2,2,4
"2484",4,3,2,4,2,4,2,5
"2485",1,3,2,3,4,1,3,5
"2486",4,1,2,4,1,2,2,3
"2487",2,3,2,4,2,4,4,5
"2488",2,3,4,1,4,3,4,5
"2489",3,4,2,5,4,2,1,2
"2490",2,3,2,2,3,2,4,5
"2491",1,3,4,3,2,5,5,5
"2492",2,2,2,3,2,4,5,4
"2493",2,3,4,2,2,4,4,4
"2494",2,2,2,2,2,4,4,4
"2495",2,4,2,4,2,4,3,5
"2496",2,3,2,4,2,4,4,5
"2497",2,3,2,4,2,4,4,5
"2498",2,3,2,4,3,4,4,5
"2499",2,3,2,4,2,3,4,5
"2500",2,3,2,4,2,4,4,5
"2501",2,3,2,4,3,4,3,5
"2502",2,3,2,4,2,2,3,5
"2503",2,3,2,2,2,4,3,5
"2504",2,3,2,4,2,4,4,5
"2505",2,3,2,4,3,4,4,5
"2506",2,3,2,2,2,2,4,4
"2507",2,3,2,4,2,5,4,5
"2508",2,3,2,4,2,3,1,5
"2509",3,3,2,3,2,5,5,5
"2510",2,3,2,4,2,4,4,5
"2511",1,3,2,3,3,4,3,5
"2512",2,3,2,4,2,4,5,4
"2513",2,3,2,4,2,3,4,5
"2514",2,3,2,4,2,4,4,4
"2515",2,3,2,3,2,5,4,5
"2516",2,2,2,4,2,2,4,5
"2517",2,3,2,3,2,2,3,4
"2518",3,3,4,3,2,3,3,4
"2519",2,3,2,4,2,4,5,4
"2520",1,3,2,3,2,4,4,4
"2521",2,3,2,2,2,4,3,5
"2522",2,4,2,3,2,4,2,5
"2523",2,2,2,4,2,4,5,5
"2524",2,3,2,4,2,2,4,5
"2525",1,3,2,4,2,5,5,5
"2526",2,1,2,3,3,2,4,5
"2527",2,3,2,4,2,4,4,5
"2528",1,3,3,5,3,5,1,4
"2529",2,3,2,2,2,4,4,5
"2530",3,3,2,2,3,4,4,4
"2531",2,1,2,4,2,4,5,4
"2532",2,2,1,4,1,4,4,4
"2533",1,3,2,4,2,4,4,5
"2534",2,3,2,4,3,4,4,5
"2535",1,4,4,3,3,4,4,5
"2536",2,4,3,4,2,2,4,5
"2537",3,3,1,2,3,4,5,4
"2538",2,2,2,2,2,4,4,4
"2539",2,3,2,4,2,2,2,4
"2540",2,3,2,3,2,4,4,5
"2541",2,3,2,4,3,4,4,5
"2542",2,3,2,3,3,5,4,5
"2543",2,3,3,4,2,4,5,5
"2544",1,3,2,2,2,1,4,5
"2545",2,3,2,3,2,4,4,5
"2546",2,4,2,4,2,5,4,5
"2547",3,3,2,4,2,4,4,5
"2548",2,3,2,4,2,4,4,5
"2549",2,3,2,4,2,4,4,4
"2550",3,3,2,4,2,5,4,5
"2551",2,3,2,4,2,4,4,5
"2552",2,4,2,4,2,4,4,4
"2553",2,4,2,4,2,4,5,5
"2554",2,4,2,4,2,5,5,5
"2555",2,4,2,4,2,3,4,5
"2556",2,3,2,4,2,4,4,4
"2557",2,3,2,4,2,3,3,4
"2558",3,3,2,4,2,4,4,5
"2559",2,3,2,4,2,3,4,5
"2560",2,3,2,3,2,4,5,5
"2561",2,3,2,4,2,3,4,4
"2562",2,3,2,3,2,4,4,5
"2563",2,3,2,4,3,4,4,5
"2564",2,4,2,4,2,5,4,5
"2565",2,3,2,4,2,4,2,5
"2566",3,3,2,2,3,3,4,5
"2567",2,4,2,4,2,5,3,5
"2568",3,4,2,4,2,5,5,5
"2569",2,3,2,4,2,4,4,5
"2570",3,4,2,2,2,4,4,5
"2571",3,2,2,4,2,4,4,5
"2572",3,4,2,4,2,2,4,5
"2573",2,2,2,4,2,4,3,4
"2574",3,4,2,5,3,5,4,5
"2575",2,3,2,3,2,4,4,5
"2576",2,3,2,4,2,4,4,5
"2577",2,3,2,4,2,4,4,5
"2578",3,3,2,4,2,4,4,5
"2579",2,4,2,4,2,3,4,5
"2580",3,4,2,4,2,2,4,5
"2581",2,3,2,4,2,5,4,5
"2582",2,3,2,4,2,4,4,4
"2583",2,3,2,4,3,4,4,5
"2584",2,3,1,2,2,2,4,4
"2585",2,3,2,3,3,5,3,5
"2586",2,3,1,4,2,2,4,4
"2587",3,3,2,4,3,4,5,5
"2588",3,3,2,4,1,4,3,4
"2589",2,4,2,4,2,3,4,5
"2590",2,3,2,5,1,4,4,5
"2591",3,3,1,2,2,4,4,5
"2592",3,4,2,5,1,5,5,5
"2593",3,2,2,5,4,1,3,5
"2594",2,3,1,5,2,4,4,5
"2595",1,4,2,4,1,4,4,5
"2596",3,2,2,4,1,2,2,4
"2597",1,3,2,4,2,4,5,5
"2598",2,3,2,4,4,4,4,4
"2599",1,3,2,3,2,4,4,4
"2600",2,3,1,5,1,4,4,5
"2601",2,3,2,4,2,4,4,5
"2602",2,3,2,4,2,4,4,4
"2603",3,4,2,4,2,4,3,4
"2604",3,2,2,4,2,4,4,5
"2605",2,3,2,3,2,4,5,5
"2606",2,3,4,3,1,4,3,4
"2607",2,3,1,5,2,5,5,5
"2608",3,2,2,3,2,4,2,4
"2609",2,3,2,4,2,5,5,1
"2610",2,2,2,4,2,4,4,5
"2611",3,3,2,4,3,4,4,5
"2612",3,3,2,3,2,3,4,4
"2613",2,3,2,4,2,4,4,5
"2614",2,4,2,4,2,2,4,5
"2615",1,3,2,4,2,4,3,5
"2616",2,4,2,4,2,3,4,5
"2617",2,3,2,4,2,4,5,5
"2618",2,3,2,4,2,2,4,5
"2619",3,3,1,2,2,2,4,5
"2620",2,3,1,4,1,4,4,5
"2621",3,4,2,4,1,5,5,5
"2622",2,3,3,2,1,2,2,5
"2623",2,3,2,4,2,4,5,5
"2624",2,3,1,4,2,5,5,5
"2625",2,4,2,4,2,5,5,5
"2626",2,3,2,4,2,4,2,5
"2627",3,3,2,3,3,4,3,5
"2628",2,2,2,1,1,2,3,5
"2629",2,2,2,4,2,2,2,4
"2630",2,3,2,2,3,2,4,5
"2631",2,2,1,2,4,2,1,4
"2632",2,2,2,2,2,2,3,5
"2633",2,3,2,3,2,4,3,4
"2634",2,2,3,3,2,2,1,5
"2635",2,3,2,3,2,4,3,4
"2636",2,2,3,2,2,2,2,4
"2637",2,2,3,3,2,3,5,5
"2638",2,3,2,2,2,4,4,5
"2639",2,2,3,2,2,2,2,4
"2640",3,3,2,4,2,2,5,5
"2641",2,2,3,5,2,2,3,5
"2642",3,3,2,4,2,2,4,5
"2643",3,2,2,2,2,1,2,5
"2644",2,2,2,3,2,4,4,5
"2645",2,3,2,2,2,2,5,4
"2646",2,2,2,4,2,2,3,4
"2647",2,3,2,4,3,4,3,5
"2648",2,3,2,5,4,3,3,4
"2649",4,3,3,3,1,4,1,4
"2650",2,3,2,4,2,4,4,5
"2651",2,3,2,3,2,4,4,5
"2652",2,3,2,3,2,3,2,5
"2653",2,3,2,3,2,3,2,5
"2654",2,3,2,5,2,4,4,5
"2655",2,3,2,3,2,4,4,5
"2656",1,3,3,4,2,3,4,5
"2657",3,2,4,1,2,2,2,5
"2658",1,3,2,3,2,2,1,4
"2659",2,3,2,3,2,4,4,4
"2660",2,3,3,3,2,4,3,5
"2661",2,3,2,4,2,4,5,5
"2662",3,3,2,5,2,4,4,5
"2663",3,3,2,3,2,4,4,4
"2664",2,3,2,4,2,4,4,5
"2665",2,3,2,4,2,5,4,5
"2666",2,3,2,3,2,4,4,4
"2667",3,3,2,3,1,5,5,4
"2668",1,2,2,3,2,4,5,4
"2669",3,2,2,3,2,4,4,4
"2670",3,4,2,3,2,4,5,2
"2671",2,3,1,2,2,2,1,4
"2672",2,4,2,4,2,5,5,4
"2673",3,3,2,4,2,5,5,4
"2674",1,4,2,3,2,4,5,4
"2675",1,4,1,5,2,2,1,2
"2676",4,3,1,4,2,4,5,4
"2677",2,3,2,1,3,4,4,5
"2678",2,2,2,1,2,4,2,5
"2679",3,3,2,1,3,4,4,5
"2680",1,4,2,2,2,5,1,4
"2681",2,2,2,2,3,2,2,5
"2682",2,4,2,2,2,4,4,5
"2683",2,2,2,1,3,5,4,5
"2684",3,2,2,2,3,4,4,2
"2685",4,4,3,2,3,3,3,5
"2686",2,3,2,4,2,5,4,5
"2687",2,2,2,2,2,4,4,5
"2688",2,2,2,4,3,3,3,4
"2689",3,3,2,1,3,2,4,5
"2690",2,3,2,1,2,4,5,5
"2691",2,2,2,1,2,3,3,1
"2692",2,3,2,5,2,5,4,5
"2693",2,2,2,1,3,4,4,5
"2694",2,3,2,2,3,4,1,5
"2695",2,3,2,5,2,5,4,5
"2696",2,3,2,2,3,5,5,5
"2697",2,2,2,1,3,4,3,5
"2698",2,4,2,1,2,4,4,5
"2699",3,2,3,1,2,3,3,5
"2700",4,3,4,1,4,5,4,3
"2701",3,3,2,3,2,5,5,5
"2702",2,3,2,4,2,4,4,5
"2703",2,3,1,4,2,4,4,5
"2704",2,3,2,3,2,4,4,5
"2705",3,3,2,5,2,4,5,4
"2706",2,3,2,3,2,4,5,5
"2707",2,3,2,3,2,4,3,4
"2708",2,3,2,3,2,4,5,4
"2709",2,2,2,4,2,5,5,5
"2710",2,3,2,3,2,4,4,4
"2711",3,3,2,4,2,4,5,4
"2712",2,3,2,4,2,4,4,4
"2713",3,3,1,3,2,2,4,4
"2714",2,3,2,4,2,4,5,5
"2715",2,3,2,3,2,4,4,4
"2716",3,4,2,4,2,2,4,5
"2717",2,2,2,2,2,4,4,5
"2718",2,4,2,3,3,4,4,4
"2719",3,2,2,3,2,3,1,5
"2720",2,3,2,3,2,4,4,5
"2721",3,2,2,1,2,3,3,5
"2722",2,3,2,2,3,4,4,5
"2723",3,4,3,3,3,4,4,5
"2724",2,4,1,1,3,2,1,5
"2725",2,2,2,2,2,2,2,5
"2726",2,1,2,3,3,4,4,5
"2727",2,2,2,1,2,3,2,5
"2728",2,2,2,1,3,4,4,5
"2729",2,1,2,4,2,3,4,5
"2730",2,2,3,1,3,4,4,5
"2731",3,3,2,4,2,4,4,5
"2732",2,3,2,4,3,4,3,5
"2733",2,3,2,4,2,4,4,5
"2734",2,1,2,4,3,4,4,1
"2735",2,3,2,3,3,3,3,5
"2736",2,3,2,4,2,3,4,5
"2737",2,3,2,3,2,4,4,5
"2738",2,2,2,1,2,3,3,5
"2739",2,2,2,5,3,4,3,5
"2740",1,3,2,2,3,4,3,5
"2741",3,3,2,3,3,3,4,5
"2742",3,1,3,3,4,1,1,4
"2743",2,1,3,3,4,1,3,4
"2744",3,2,2,4,3,4,2,5
"2745",2,3,2,2,3,4,3,4
"2746",2,1,2,3,3,4,3,5
"2747",3,4,2,3,3,5,4,4
"2748",4,1,1,1,3,2,1,4
"2749",2,2,2,2,3,5,2,4
"2750",2,3,2,3,3,4,5,5
"2751",1,2,2,3,3,4,2,5
"2752",3,3,2,3,3,3,4,4
"2753",3,2,2,3,3,4,2,5
"2754",2,4,4,4,2,2,2,4
"2755",2,3,2,3,3,3,3,4
"2756",2,2,2,3,3,4,5,4
"2757",4,2,1,3,3,1,2,4
"2758",2,2,3,3,4,5,5,5
"2759",3,3,2,3,4,2,3,5
"2760",2,3,2,3,3,4,5,5
"2761",2,3,2,4,4,3,4,4
"2762",2,2,2,4,3,3,3,4
"2763",3,1,2,3,3,2,4,4
"2764",2,3,2,3,3,2,4,5
"2765",2,3,2,3,3,4,4,5
"2766",3,2,2,3,3,4,3,4
"2767",2,3,2,3,3,4,4,5
"2768",3,2,3,3,4,4,2,5
"2769",4,1,4,4,4,3,4,4
"2770",3,2,2,4,3,4,2,5
"2771",2,3,2,3,2,4,5,5
"2772",4,3,1,1,2,4,2,4
"2773",2,3,2,4,2,4,4,5
"2774",2,2,2,4,2,5,4,4
"2775",2,4,2,4,2,4,4,4
"2776",2,4,2,5,2,4,1,5
"2777",2,3,2,4,2,4,2,4
"2778",3,3,2,2,2,3,2,5
"2779",2,3,2,4,2,4,4,5
"2780",3,3,2,4,2,4,4,4
"2781",3,3,4,5,2,4,5,4
"2782",4,3,3,2,3,4,4,5
"2783",4,1,2,3,4,3,3,4
"2784",2,4,2,4,2,4,4,5
"2785",2,3,2,3,2,2,2,4
"2786",2,3,2,5,2,4,3,4
"2787",2,2,3,4,3,4,4,4
"2788",2,3,2,4,4,3,4,4
"2789",3,3,2,2,2,4,5,5
"2790",2,3,2,4,2,2,3,5
"2791",2,3,2,4,2,4,4,5
"2792",2,3,2,4,3,5,3,5
"2793",2,3,2,4,2,2,2,4
"2794",2,3,2,4,2,4,5,4
"2795",2,4,2,5,2,3,4,5
"2796",3,4,1,5,2,4,4,5
"2797",2,3,2,4,2,4,4,4
"2798",2,4,2,4,2,4,3,5
"2799",2,4,2,5,2,4,4,4
"2800",2,3,2,2,3,4,4,4
"2801",1,4,4,2,2,5,5,5
"2802",3,2,2,2,2,4,5,5
"2803",2,4,2,4,2,4,5,5
"2804",2,3,2,3,2,4,4,5
"2805",2,2,2,4,2,2,4,5
"2806",2,3,2,2,3,4,4,4
"2807",2,2,2,2,2,2,4,4
"2808",2,2,2,1,2,1,1,5
"2809",2,3,2,4,2,3,5,5
"2810",2,3,2,4,2,4,4,5
"2811",2,2,2,1,3,4,3,4
"2812",2,3,2,2,2,4,4,4
"2813",2,2,2,1,2,4,5,5
"2814",3,1,2,4,2,3,5,4
"2815",3,4,2,5,2,4,4,5
"2816",2,3,2,3,2,2,3,4
"2817",3,3,2,1,2,3,4,5
"2818",2,3,1,2,2,4,4,5
"2819",2,3,2,3,2,5,4,5
"2820",3,3,2,2,3,4,5,5
"2821",2,3,2,4,2,4,4,4
"2822",4,2,2,2,4,3,3,5
"2823",3,2,2,2,2,3,2,4
"2824",2,4,2,4,1,5,5,5
"2825",3,2,3,2,2,5,4,5
"2826",2,4,2,4,2,5,4,5
"2827",4,3,2,5,2,5,5,3
"2828",2,3,2,4,2,5,4,5
"2829",2,2,2,3,2,4,5,4
"2830",2,4,2,4,2,4,4,4
"2831",2,3,2,2,2,5,4,4
"2832",2,3,2,4,2,4,3,4
"2833",2,3,2,2,2,4,4,4
"2834",2,3,2,3,2,4,5,4
"2835",3,3,3,2,2,4,5,4
"2836",2,3,2,4,2,5,5,5
"2837",3,2,2,3,2,5,5,5
"2838",2,4,2,2,2,4,2,5
"2839",2,3,2,4,2,4,4,4
"2840",3,3,2,4,2,5,4,4
"2841",4,3,2,3,2,4,3,3
"2842",2,4,2,4,2,4,4,4
"2843",3,4,2,4,2,5,5,5
"2844",2,3,2,4,2,4,5,5
"2845",2,3,2,2,2,3,3,5
"2846",2,2,2,2,2,4,4,4
"2847",2,3,2,3,3,3,2,5
"2848",3,3,2,4,2,4,3,5
"2849",2,3,2,3,2,2,1,4
"2850",3,3,2,2,2,3,4,5
"2851",3,4,2,4,2,4,5,5
"2852",2,3,2,4,2,4,5,5
"2853",2,3,2,4,2,5,5,5
"2854",2,2,2,4,2,5,5,5
"2855",2,3,2,4,3,4,4,5
"2856",2,3,2,4,2,3,4,4
"2857",2,3,2,2,1,4,4,4
"2858",2,3,2,4,2,4,4,4
"2859",2,4,2,4,2,4,4,4
"2860",2,3,2,3,2,2,4,4
"2861",2,3,2,4,3,4,2,4
"2862",2,2,2,3,3,5,4,5
"2863",2,3,2,4,2,5,4,4
"2864",4,4,2,1,2,4,4,5
"2865",2,3,2,5,4,3,3,4
"2866",2,1,2,4,2,5,4,4
"2867",2,3,2,3,2,4,4,4
"2868",2,3,2,4,2,4,4,4
"2869",2,3,2,4,2,4,4,4
"2870",3,3,2,4,2,4,4,5
"2871",2,3,2,4,2,4,4,4
"2872",2,3,2,3,2,3,3,3
"2873",2,4,2,4,2,4,3,4
"2874",1,2,2,2,2,5,5,4
"2875",2,3,2,4,2,4,4,5
"2876",2,3,2,4,2,5,4,5
"2877",4,4,2,4,1,4,3,5
"2878",1,3,3,5,1,4,2,4
"2879",2,4,2,4,2,4,4,4
"2880",2,4,4,3,2,3,3,2
"2881",3,1,1,4,2,5,4,4
"2882",2,3,2,4,2,5,4,4
"2883",1,3,2,5,1,4,1,4
"2884",1,3,3,2,1,3,4,3
"2885",2,3,2,5,2,4,4,5
"2886",2,3,2,5,2,4,4,5
"2887",2,3,2,4,2,5,5,5
"2888",2,2,1,4,2,5,5,5
"2889",1,3,1,4,2,5,5,5
"2890",4,3,1,2,1,5,3,5
"2891",2,3,2,4,2,5,5,5
"2892",2,3,2,4,2,5,4,5
"2893",2,3,2,3,2,4,4,5
"2894",2,3,2,3,2,4,2,4
"2895",2,3,2,4,2,4,4,4
"2896",3,2,2,4,2,4,3,5
"2897",2,3,2,3,2,4,4,5
"2898",2,3,2,3,2,4,4,5
"2899",3,3,2,4,2,5,5,5
"2900",2,4,2,4,2,4,5,5
"2901",2,4,1,2,3,5,4,5
"2902",2,4,2,4,2,5,4,5
"2903",2,3,2,3,1,4,3,5
"2904",2,2,2,4,2,4,4,5
"2905",3,4,2,4,2,4,5,5
"2906",2,4,2,2,2,4,2,5
"2907",3,2,2,2,1,5,2,4
"2908",2,3,2,4,2,4,4,5
"2909",2,3,2,4,2,4,4,4
"2910",2,3,2,2,2,4,4,5
"2911",2,2,4,2,2,3,3,4
"2912",3,3,2,4,1,5,4,5
"2913",2,3,2,4,2,4,5,5
"2914",4,4,2,2,2,3,4,5
"2915",3,1,2,1,2,5,5,5
"2916",4,4,3,4,2,2,4,5
"2917",3,4,2,4,2,4,4,5
"2918",3,3,3,4,2,3,4,5
"2919",3,3,2,4,2,4,5,5
"2920",3,3,2,4,2,3,4,4
"2921",3,3,2,2,4,4,1,5
"2922",2,4,2,5,2,5,5,5
"2923",1,2,3,4,4,2,2,3
"2924",3,4,2,5,2,4,4,5
"2925",1,1,4,4,3,4,4,5
"2926",3,3,3,5,2,2,5,4
"2927",2,4,2,3,2,3,5,5
"2928",2,3,2,3,2,4,5,4
"2929",2,4,2,5,2,4,4,5
"2930",1,4,2,2,1,4,1,5
"2931",3,3,2,1,2,3,1,3
"2932",3,4,3,1,1,1,4,1
"2933",2,3,2,2,2,4,4,4
"2934",2,2,2,2,3,2,3,5
"2935",2,3,2,4,2,5,4,5
"2936",2,3,2,4,2,4,4,5
"2937",3,3,2,4,2,5,5,5
"2938",2,3,1,2,2,4,4,5
"2939",1,3,1,2,2,4,4,5
"2940",2,3,2,2,2,4,4,4
"2941",2,2,2,2,2,4,4,4
"2942",3,3,2,4,2,5,4,5
"2943",3,3,2,4,2,5,4,5
"2944",3,3,2,4,2,4,3,5
"2945",2,3,2,3,2,3,2,5
"2946",3,3,2,4,2,2,3,5
"2947",2,2,2,1,2,3,4,4
"2948",2,3,2,4,2,2,4,5
"2949",3,3,2,4,2,3,3,5
"2950",2,3,2,4,2,4,5,5
"2951",2,2,2,3,2,3,3,5
"2952",2,3,2,3,3,5,3,5
"2953",2,2,2,1,3,2,5,5
"2954",2,3,2,3,2,3,3,5
"2955",2,3,2,3,2,3,4,4
"2956",1,3,2,3,2,2,3,5
"2957",1,4,2,3,2,4,3,5
"2958",2,3,3,4,2,2,4,5
"2959",2,3,2,2,2,4,5,5
"2960",2,2,2,2,1,2,3,5
"2961",1,2,2,2,2,3,4,5
"2962",2,3,2,3,2,3,4,5
"2963",2,3,2,3,2,4,4,5
"2964",2,2,2,4,2,2,3,5
"2965",2,1,2,4,2,3,4,4
"2966",2,3,2,3,2,4,4,4
"2967",2,2,2,3,3,4,4,4
"2968",1,3,2,3,2,4,4,4
"2969",2,2,2,3,2,4,4,4
"2970",3,3,2,4,2,4,4,5
"2971",2,2,4,5,2,2,2,5
"2972",3,3,2,5,2,4,4,5
"2973",3,3,2,3,2,2,4,5
"2974",3,2,3,4,3,3,3,4
"2975",2,2,2,2,2,4,4,4
"2976",3,3,2,3,2,2,3,4
"2977",3,2,2,4,2,3,4,5
"2978",2,3,2,2,2,2,4,5
"2979",3,3,2,4,2,4,4,5
"2980",2,2,2,1,2,4,4,5
"2981",2,2,2,3,2,2,2,4
"2982",2,2,2,3,2,3,3,4
"2983",2,2,3,2,2,2,2,4
"2984",3,2,2,2,2,2,4,4
"2985",2,2,3,2,2,4,4,4
"2986",2,2,2,3,2,3,3,4
"2987",2,2,3,3,2,2,4,5
"2988",3,2,2,4,3,4,4,4
"2989",2,2,2,3,2,1,1,3
"2990",2,2,2,3,2,3,3,4
"2991",2,3,2,2,3,3,4,4
"2992",3,2,2,2,2,3,3,4
"2993",2,2,2,3,3,3,4,4
"2994",2,3,2,4,2,3,3,4
"2995",2,2,2,3,3,3,4,4
"2996",3,2,2,3,2,4,4,4
"2997",2,2,2,2,2,3,4,4
"2998",2,2,2,3,2,3,2,4
"2999",2,2,2,3,2,2,2,2
"3000",2,3,2,4,2,4,4,4
"3001",3,3,2,3,2,3,2,4
"3002",2,1,2,2,2,2,1,4
"3003",2,2,2,2,2,4,4,4
"3004",3,2,3,3,2,3,2,4
"3005",2,2,2,3,2,2,4,4
"3006",2,2,2,3,2,3,3,4
"3007",2,2,2,3,2,2,2,4
"3008",2,2,2,2,2,2,2,4
"3009",2,2,2,4,2,2,2,4
"3010",3,2,2,2,2,4,4,3
"3011",3,2,2,3,2,4,4,4
"3012",3,3,2,2,2,2,4,4
"3013",2,4,2,3,2,5,5,5
"3014",3,3,2,4,2,5,3,5
"3015",2,2,3,2,3,2,4,4
"3016",2,3,2,4,2,4,4,4
"3017",1,2,2,3,3,2,1,4
"3018",3,2,2,2,2,4,2,5
"3019",1,1,2,3,2,4,3,5
"3020",2,3,2,3,2,2,2,5
"3021",3,3,2,4,2,4,4,5
"3022",2,3,2,4,2,4,4,5
"3023",1,1,3,3,2,4,4,5
"3024",2,3,2,3,2,2,2,5
"3025",1,3,4,4,2,1,5,2
"3026",2,3,2,4,2,3,3,5
"3027",2,2,2,3,2,2,3,4
"3028",3,2,2,3,2,2,4,5
"3029",1,2,2,3,2,3,5,4
"3030",2,3,2,2,4,4,2,4
"3031",3,2,2,4,2,2,2,5
"3032",3,3,2,3,2,2,2,5
"3033",1,3,2,4,3,5,5,5
"3034",1,2,2,3,2,3,5,4
"3035",2,2,2,3,3,4,4,5
"3036",1,2,2,3,2,5,4,5
"3037",1,3,2,4,2,4,4,5
"3038",3,3,2,3,2,4,4,5
"3039",4,2,2,3,2,4,2,4
"3040",1,4,2,4,2,4,4,5
"3041",3,2,3,3,2,2,3,4
"3042",2,3,2,3,2,3,4,5
"3043",4,2,3,3,1,5,4,4
"3044",2,3,2,4,2,4,4,5
"3045",2,4,1,4,2,5,5,5
"3046",2,3,2,3,2,4,4,5
"3047",1,2,2,3,2,4,4,5
"3048",1,3,2,3,2,3,4,5
"3049",3,3,2,3,2,4,4,4
"3050",1,4,2,2,2,2,3,4
"3051",3,3,2,3,2,1,4,4
"3052",3,3,2,2,2,4,4,4
"3053",2,3,2,3,2,3,4,4
"3054",2,4,2,3,2,2,4,4
"3055",3,4,2,4,2,4,2,4
"3056",3,3,2,2,2,2,4,4
"3057",3,3,2,3,2,2,2,4
"3058",2,3,2,2,3,4,2,4
"3059",3,3,3,2,2,2,5,5
"3060",3,2,1,4,2,2,1,5
"3061",3,3,2,3,2,4,4,4
"3062",2,4,1,3,2,4,4,3
"3063",2,4,2,4,2,4,4,5
"3064",4,1,1,4,1,4,4,3
"3065",2,4,2,4,2,4,3,4
"3066",4,4,4,3,2,1,1,3
"3067",1,4,2,1,2,4,4,4
"3068",2,3,2,3,2,3,3,5
"3069",2,4,4,5,2,3,5,3
"3070",2,4,2,4,2,4,4,4
"3071",4,2,2,2,2,3,4,4
"3072",3,3,2,4,2,4,5,4
"3073",2,4,2,4,2,4,4,4
"3074",2,3,2,4,2,4,4,4
"3075",2,3,2,3,2,4,4,4
"3076",3,3,2,3,2,4,4,4
"3077",2,4,2,4,2,4,4,4
"3078",2,4,2,4,2,4,4,4
"3079",3,3,2,3,2,4,4,4
"3080",2,2,2,4,2,4,2,5
"3081",2,3,2,3,2,4,4,5
"3082",2,3,2,3,2,4,4,5
"3083",2,2,2,2,2,2,4,5
"3084",2,3,2,3,2,4,3,5
"3085",3,2,3,2,3,4,4,5
"3086",2,3,2,2,2,3,2,5
"3087",2,1,2,2,2,3,1,5
"3088",2,3,2,4,2,4,4,5
"3089",2,3,2,4,2,1,2,5
"3090",2,3,2,4,2,4,4,5
"3091",2,3,2,4,2,4,4,5
"3092",2,3,2,4,3,4,3,5
"3093",2,2,2,2,3,3,4,5
"3094",2,3,2,2,2,2,4,5
"3095",2,3,2,4,2,1,2,5
"3096",2,3,2,4,2,4,4,5
"3097",2,3,2,4,2,4,4,4
"3098",2,2,2,2,2,1,2,5
"3099",2,2,2,3,2,2,3,5
"3100",2,1,3,1,2,1,4,5
"3101",2,2,3,2,2,4,4,4
"3102",2,3,2,2,3,2,2,4
"3103",3,3,2,4,2,3,4,5
"3104",2,1,3,3,3,4,5,5
"3105",2,2,2,2,2,4,2,5
"3106",2,2,2,2,2,3,4,5
"3107",3,3,2,4,2,5,4,5
"3108",2,4,2,3,2,4,3,5
"3109",2,3,2,4,2,5,4,4
"3110",2,3,2,1,2,2,3,5
"3111",2,2,2,4,2,4,4,5
"3112",3,3,2,2,3,4,4,5
"3113",3,3,2,2,2,4,4,5
"3114",3,3,2,2,3,2,2,5
"3115",2,3,2,2,2,4,4,5
"3116",2,2,2,4,2,2,4,5
"3117",2,2,2,4,2,4,4,5
"3118",2,2,2,2,3,2,2,5
"3119",2,2,2,2,2,4,3,5
"3120",3,3,2,4,2,4,4,5
"3121",2,4,2,2,2,4,4,5
"3122",2,3,2,4,2,4,4,5
"3123",2,3,2,2,3,4,5,5
"3124",2,4,2,2,2,4,5,1
"3125",2,3,2,4,2,4,3,5
"3126",2,4,1,3,2,4,2,3
"3127",2,4,2,4,2,5,4,5
"3128",2,3,2,4,2,4,4,5
"3129",2,3,2,3,2,4,4,5
"3130",2,3,2,4,2,2,4,4
"3131",2,3,2,4,2,4,4,4
"3132",2,2,2,3,2,3,4,4
"3133",2,4,2,4,2,3,3,4
"3134",3,3,2,4,2,4,4,5
"3135",2,3,2,4,2,4,4,4
"3136",3,4,2,4,3,4,4,5
"3137",2,3,2,4,2,1,2,4
"3138",2,2,2,4,2,3,4,4
"3139",2,3,2,4,2,3,4,4
"3140",2,3,2,2,2,5,4,5
"3141",2,3,2,4,2,3,3,4
"3142",3,3,2,4,2,3,4,4
"3143",2,2,3,4,2,2,3,4
"3144",2,3,2,4,2,2,3,4
"3145",3,2,2,3,2,1,2,4
"3146",2,3,2,4,2,2,4,4
"3147",2,2,3,1,2,2,2,4
"3148",2,2,2,4,2,4,4,4
"3149",2,2,2,4,2,5,4,4
"3150",2,3,2,4,2,2,3,4
"3151",2,2,3,3,2,2,3,4
"3152",2,2,2,4,2,2,2,4
"3153",2,3,2,4,2,4,4,5
"3154",3,3,2,4,2,3,4,4
"3155",2,3,2,4,2,5,4,5
"3156",2,3,2,4,2,3,4,4
"3157",2,3,2,4,2,2,4,4
"3158",2,2,2,4,2,2,3,4
"3159",2,3,2,4,2,4,5,4
"3160",2,3,2,4,2,4,4,4
"3161",3,3,2,4,2,4,2,5
"3162",2,3,2,4,2,4,4,4
"3163",2,3,2,4,2,5,5,4
"3164",2,2,2,4,2,4,3,2
"3165",2,3,2,4,2,4,3,5
"3166",2,4,2,4,2,5,5,5
"3167",2,3,2,3,2,4,5,5
"3168",2,3,2,4,2,4,4,5
"3169",2,3,2,4,2,4,4,5
"3170",2,3,2,4,2,4,4,4
"3171",2,4,2,5,1,4,4,5
"3172",3,3,2,4,2,4,4,5
"3173",2,4,2,4,2,5,4,5
"3174",2,4,2,4,2,4,5,5
"3175",2,3,2,4,2,5,4,5
"3176",2,4,2,5,2,5,4,3
"3177",3,3,2,4,2,4,4,5
"3178",3,4,2,4,2,4,4,5
"3179",2,3,2,4,2,4,4,5
"3180",2,1,2,4,2,1,4,5
"3181",2,3,2,4,2,5,4,4
"3182",2,3,2,3,2,2,3,5
"3183",2,3,2,4,2,2,2,5
